Data tallennettu: 99.9% of the people are dumb! Fortunately I belong to the remaining 1% 2025-11-25 00:15:04.069650
Data tallennettu: What do you call a cow with no legs? Ground beef! 2025-11-25 00:30:03.920373
Data tallennettu: What do you call two barracuda fish? A Pairacuda! 2025-11-25 00:45:03.784545
Data tallennettu: Why do chicken coops only have two doors? Because if they had four, they would be chicken sedans 2025-11-25 01:00:02.742677
Data tallennettu: Why couldn't the kid see the pirate movie? Because it was rated arrr! 2025-11-25 01:15:03.065614
Data tallennettu: Why do trees seem suspicious on sunny days? Dunno, they're just a bit shady. 2025-11-25 01:30:03.691015
Data tallennettu: What's the best thing about Switzerland? I don't know, but their flag is a big plus. 2025-11-25 01:45:04.277626
Data tallennettu: Want to hear a joke about a piece of paper? Never mind...it's tearable 2025-11-25 02:00:03.604700
Data tallennettu: Why does Waldo only wear stripes? Because he doesn't want to be spotted. 2025-11-25 02:15:04.213221
Data tallennettu: What do you call a pig with three eyes? Piiig 2025-11-25 02:30:04.181387
Data tallennettu: Why did the golfer wear two pairs of pants? In case he got a hole in one. 2025-11-25 02:45:03.236173
Data tallennettu: Why didn’t the orange win the race? It ran out of juice. 2025-11-25 03:00:03.529238
Data tallennettu: How good are you at Power Point? I Excel at it. 2025-11-25 03:15:03.525823
Data tallennettu: What do you call a fat psychic? A four-chin teller. 2025-11-25 03:30:04.111141
Data tallennettu: Where do bees go to the bathroom? The BP station. 2025-11-25 03:45:03.168145
Data tallennettu: Why do trees seem suspicious on sunny days? Dunno, they're just a bit shady. 2025-11-25 04:00:03.595812
Data tallennettu: Why don't React developers like nature? They prefer the virtual DOM. 2025-11-25 04:15:04.264273
Data tallennettu: What did the pirate say on his 80th birthday? Aye Matey! 2025-11-25 04:30:03.874045
Data tallennettu: Why do wizards clean their teeth three times a day? To prevent bat breath! 2025-11-25 04:45:02.856012
Data tallennettu: Why didn't the number 4 get into the nightclub? Because he is 2 square. 2025-11-25 05:00:03.386097
Data tallennettu: How do you get a baby alien to sleep? You rocket. 2025-11-25 05:15:03.958581
Data tallennettu: Can February march? No, but April may. 2025-11-25 05:30:03.054292
Data tallennettu: While I was sleeping my friends decided to write math equations on me. You should have seen the expression on my face when I woke up. 2025-11-25 05:45:03.095628
Data tallennettu: What do you call a thieving alligator? A crookodile! 2025-11-25 06:00:03.333360
Data tallennettu: What's the worst part about being a cross-eyed teacher? They can't control their pupils. 2025-11-25 06:15:04.187974
Data tallennettu: I just watched a documentary about beavers. It was the best dam show I ever saw 2025-11-25 06:30:04.142790
Data tallennettu: Did you hear about the hungry clock? It went back four seconds. 2025-11-25 06:45:03.827519
Data tallennettu: If you see a robbery at an Apple Store... Does that make you an iWitness? 2025-11-25 07:00:03.319306
Data tallennettu: Two guys walk into a bar . . . The first guy says "Ouch!" and the second says "Yeah, I didn't see it either." 2025-11-25 07:15:03.471566
Data tallennettu: Why did the chicken get a penalty? For fowl play. 2025-11-25 07:30:03.646396
Data tallennettu: What did Romans use to cut pizza before the rolling cutter was invented? Lil Caesars 2025-11-25 07:45:02.823566
Data tallennettu: Did you hear about the crime in the parking garage? It was wrong on so many levels. 2025-11-25 08:00:03.455216
Data tallennettu: I saw a nice stereo on Craigslist for $1. Seller says the volume is stuck on ‘high’ I couldn’t turn it down. 2025-11-25 08:15:03.748393
Data tallennettu: What did the Red light say to the Green light? Don't look at me I'm changing! 2025-11-25 08:30:03.067904
Data tallennettu: Did you hear about the runner who was criticized? He just took it in stride 2025-11-25 08:45:03.646616
Data tallennettu: How are false teeth like stars? They come out at night! 2025-11-25 09:00:03.933885
Data tallennettu: How do you comfort a designer? You give them some space... between the elements. 2025-11-25 09:15:03.020115
Data tallennettu: What do you call an eagle who can play the piano? Talonted! 2025-11-25 09:30:03.208352
Data tallennettu: What is the tallest building in the world? The library, it’s got the most stories! 2025-11-25 09:45:03.505455
Data tallennettu: Why did the house go to the doctor? It was having window panes. 2025-11-25 10:00:03.628946
Data tallennettu: Why can't a bicycle stand on its own? It's two-tired. 2025-11-25 10:15:04.505459
Data tallennettu: Why do crabs never give to charity? Because they’re shellfish. 2025-11-25 10:30:04.125143
Data tallennettu: Why do choirs keep buckets handy? So they can carry their tune 2025-11-25 10:45:03.314620
Data tallennettu: What do you call a group of disorganized cats? A cat-tastrophe. 2025-11-25 11:00:03.428998
Data tallennettu: Do you know what the word 'was' was initially? Before was was was was was is. 2025-11-25 11:15:03.647387
Data tallennettu: Did you hear about the cow who jumped over the barbed wire fence? It was udder destruction. 2025-11-25 11:30:03.526948
Data tallennettu: What did the digital clock say to the grandfather clock? Look, no hands! 2025-11-25 11:45:03.763992
Data tallennettu: What did one nut say as he chased another nut? I'm a cashew! 2025-11-25 12:00:03.346004
Data tallennettu: What do you call a careful wolf? Aware wolf. 2025-11-25 12:15:03.901180
Data tallennettu: What time is it? I don't know... it keeps changing. 2025-11-25 12:30:03.632255
Data tallennettu: Why do mathematicians hate the U.S.? Because it's indivisible. 2025-11-25 12:45:04.303027
Data tallennettu: Why do you never see elephants hiding in trees? Because they're so good at it. 2025-11-25 13:00:03.396983
Data tallennettu: How do you make holy water? You boil the hell out of it 2025-11-25 13:15:04.236926
Data tallennettu: What do you call sad coffee? Despresso. 2025-11-25 13:30:03.533969
Data tallennettu: What did one wall say to the other wall? I'll meet you at the corner! 2025-11-25 13:45:04.402064
Data tallennettu: What do you call a pig that knows karate? A pork chop! 2025-11-25 14:00:04.045628
Data tallennettu: Can I watch the TV? Yes, but don’t turn it on. 2025-11-25 14:15:03.007137
Data tallennettu: What do you call sad coffee? Despresso. 2025-11-25 14:30:03.392704
Data tallennettu: What do you call a crowd of chess players bragging about their wins in a hotel lobby? Chess nuts boasting in an open foyer. 2025-11-25 14:45:03.936195
Data tallennettu: What do you call a girl between two posts? Annette. 2025-11-25 15:00:03.020903
Data tallennettu: Why can't you use "Beef stew"as a password? Because it's not stroganoff. 2025-11-25 15:15:03.618367
Data tallennettu: Two guys walk into a bar . . . The first guy says "Ouch!" and the second says "Yeah, I didn't see it either." 2025-11-25 15:30:04.876415
Data tallennettu: What's brown and sticky? A stick. 2025-11-25 15:45:03.187362
Data tallennettu: Did you hear about the Mexican train killer? He had loco motives 2025-11-25 16:00:04.026812
Data tallennettu: Want to hear my pizza joke? Never mind, it's too cheesy. 2025-11-25 16:15:03.846012
Data tallennettu: What do you call a fly without wings? A walk. 2025-11-25 16:30:03.109212
Data tallennettu: How do you generate a random string? Put a Windows user in front of Vim and tell them to exit. 2025-11-25 16:45:03.284378
Data tallennettu: Why don't you find hippopotamuses hiding in trees? They're really good at it. 2025-11-25 17:00:03.505125
Data tallennettu: What did the janitor say when he jumped out of the closet? Supplies! 2025-11-25 17:15:03.685125
Data tallennettu: What does an angry pepper do? It gets jalapeño face. 2025-11-25 17:30:02.902260
Data tallennettu: Why did the tree go to the dentist? It needed a root canal. 2025-11-25 17:45:03.072293
Data tallennettu: How do you make a hankie dance? Put a little boogie in it. 2025-11-25 18:00:03.179965
Data tallennettu: What is red and smells like blue paint? Red paint! 2025-11-25 18:15:08.399069
Data tallennettu: What do elves post on Social Media? Elf-ies. 2025-11-25 18:30:04.051652
Data tallennettu: Why can’t you hear a pterodactyl go to the bathroom? The p is silent. 2025-11-25 18:45:04.053665
Data tallennettu: How does a French skeleton say hello? Bone-jour. 2025-11-25 19:00:03.267578
Data tallennettu: Due to complaints, Hawaii passed a law where you're not allowed to laugh above a certain decibel. You can only use a low ha. 2025-11-25 19:15:03.540532
Data tallennettu: What is the leading cause of dry skin? Towels 2025-11-25 19:30:04.027284
Data tallennettu: I bought some shoes from a drug dealer. I don't know what he laced them with, but I was tripping all day! 2025-11-25 19:45:03.225928
Data tallennettu: I was gonna tell you a joke about UDP... ...but you might not get it. 2025-11-25 20:00:04.354350
Data tallennettu: What kind of bagel can fly? A plain bagel. 2025-11-25 20:15:03.684573
Data tallennettu: Knock knock. 
 Who's there? 
 A broken pencil. 
 A broken pencil who? Never mind. It's pointless. 2025-11-25 20:30:04.355992
Data tallennettu: Why did the programmer quit his job? Because he didn't get arrays. 2025-11-25 20:45:03.926092
Data tallennettu: What happens when you anger a brain surgeon? They will give you a piece of your mind. 2025-11-25 21:00:03.066352
Data tallennettu: Did you hear about the scientist who was lab partners with a pot of boiling water? He had a very esteemed colleague. 2025-11-25 21:15:03.420801
Data tallennettu: Why did the math book look sad? Because it had too many problems. 2025-11-25 21:30:02.721935
Data tallennettu: What's the difference between a hippo and a zippo? One is really heavy, the other is a little lighter. 2025-11-25 21:45:03.476412
Data tallennettu: What has ears but cannot hear? A field of corn. 2025-11-25 22:00:03.679999
Data tallennettu: Knock knock. 
 Who's there? 
 A broken pencil. 
 A broken pencil who? Never mind. It's pointless. 2025-11-25 22:15:04.102045
Data tallennettu: Did you hear about the cow who jumped over the barbed wire fence? It was udder destruction. 2025-11-25 22:30:03.329369
Data tallennettu: How do you fix a damaged jack-o-lantern? You use a pumpkin patch. 2025-11-25 22:45:03.458871
Data tallennettu: What’s the difference between an African elephant and an Indian elephant? About 5000 miles. 2025-11-25 23:00:03.671559
Data tallennettu: Why did the designer break up with their font? Because it wasn't their type. 2025-11-25 23:15:03.722009
Data tallennettu: Why can't bicycles stand on their own? They are two tired 2025-11-25 23:30:02.801243
Data tallennettu: What is the tallest building in the world? The library, it’s got the most stories! 2025-11-25 23:45:02.743074
Data tallennettu: A programmer puts two glasses on his bedside table before going to sleep. A full one, in case he gets thirsty, and an empty one, in case he doesn’t. 2025-11-26 00:00:03.259000
Data tallennettu: Why can't a bicycle stand on its own? It's two-tired. 2025-11-26 00:15:03.997988
Data tallennettu: A DHCP packet walks into a bar and asks for a beer. Bartender says, "here, but I’ll need that back in an hour!" 2025-11-26 00:30:03.193983
Data tallennettu: I dropped a pear in my car this morning. You should drop another one, then you would have a pair. 2025-11-26 00:45:03.305023
Data tallennettu: Why did the programmer go broke? He used up all his cache 2025-11-26 01:00:03.855591
Data tallennettu: What do you get when you cross a bee and a sheep? A bah-humbug. 2025-11-26 01:15:03.386591
Data tallennettu: How many lips does a flower have? Tulips 2025-11-26 01:30:03.943081
Data tallennettu: Which side of the chicken has more feathers? The outside. 2025-11-26 01:45:03.467048
Data tallennettu: What is the leading cause of dry skin? Towels 2025-11-26 02:00:04.287381
Data tallennettu: Knock knock. 
 Who's there? 
 Little old lady. 
 Little old lady who? I didn't know you could yodel! 2025-11-26 02:15:04.207145
Data tallennettu: Why don't programmers like nature? Too many bugs. 2025-11-26 02:30:03.469132
Data tallennettu: What's a computer's favorite snack? Microchips. 2025-11-26 02:45:03.815027
Data tallennettu: What's the best time to go to the dentist? Tooth hurty. 2025-11-26 03:00:02.877505
Data tallennettu: Why did the programmer quit his job? Because he didn't get arrays. 2025-11-26 03:15:02.940603
Data tallennettu: A programmer puts two glasses on his bedside table before going to sleep. A full one, in case he gets thirsty, and an empty one, in case he doesn’t. 2025-11-26 03:30:02.943756
Data tallennettu: Why do programmers prefer dark chocolate? Because it's bitter like their code. 2025-11-26 03:45:03.583195
Data tallennettu: What did one ocean say to the other ocean? Nothing, they just waved. 2025-11-26 04:00:04.364075
Data tallennettu: Why did the developer break up with their keyboard? It just wasn't their type anymore. 2025-11-26 04:15:03.964430
Data tallennettu: When does a joke become a dad joke? When it becomes apparent. 2025-11-26 04:30:03.512014
Data tallennettu: Why does Waldo only wear stripes? Because he doesn't want to be spotted. 2025-11-26 04:45:04.326822
Data tallennettu: Do I enjoy making courthouse puns? Guilty 2025-11-26 05:00:04.203417
Data tallennettu: Why did the kid cross the playground? To get to the other slide. 2025-11-26 05:15:03.251674
Data tallennettu: what do you call a dog that can do magic tricks? a labracadabrador 2025-11-26 05:30:03.915343
Data tallennettu: Why are “Dad Jokes” so good? Because the punchline is apparent. 2025-11-26 05:45:02.986905
Data tallennettu: What kind of music do welders like? Heavy metal. 2025-11-26 06:00:02.998866
Data tallennettu: How does a scientist freshen their breath? With experi-mints! 2025-11-26 06:15:02.990400
Data tallennettu: Ever wondered why bees hum? It's because they don't know the words. 2025-11-26 06:30:03.224164
Data tallennettu: Do you want a brief explanation of what an acorn is? In a nutshell, it's an oak tree. 2025-11-26 06:45:03.228321
Data tallennettu: What do you get when you cross a bee and a sheep? A bah-humbug. 2025-11-26 07:00:03.656360
Data tallennettu: Why can't your nose be 12 inches long? Because then it'd be a foot! 2025-11-26 07:15:03.575478
Data tallennettu: A grocery store cashier asked if I would like my milk in a bag. I told her 'No, thanks. The carton works fine.' 2025-11-26 07:30:03.570138
Data tallennettu: Why do choirs keep buckets handy? So they can carry their tune 2025-11-26 07:45:03.735200
Data tallennettu: What do you call an Argentinian with a rubber toe? Roberto 2025-11-26 08:00:03.814383
Data tallennettu: What did the ocean say to the beach? Thanks for all the sediment. 2025-11-26 08:15:03.390300
Data tallennettu: What do you call a nervous javelin thrower? Shakespeare. 2025-11-26 08:30:03.821095
Data tallennettu: What do you call a fashionable lawn statue with an excellent sense of rhythmn? A metro-gnome 2025-11-26 08:45:03.237247
Data tallennettu: What do you give a sick lemon? Lemonaid. 2025-11-26 09:00:05.350425
Data tallennettu: What do you call a fake noodle? An impasta. 2025-11-26 09:15:04.186865
Data tallennettu: What did the janitor say when he jumped out of the closet? Supplies! 2025-11-26 09:30:03.976868
Data tallennettu: A SQL query walks into a bar, walks up to two tables and asks... 'Can I join you?' 2025-11-26 09:45:03.753555
Data tallennettu: Well... That’s a deep subject. 2025-11-26 10:00:03.958113
Data tallennettu: Why does a Moon-rock taste better than an Earth-rock? Because it's a little meteor. 2025-11-26 10:15:03.372208
Data tallennettu: Why didn’t the skeleton cross the road? Because he had no guts. 2025-11-26 10:30:03.814275
Data tallennettu: Why do you never see elephants hiding in trees? Because they're so good at it. 2025-11-26 10:45:02.911687
Data tallennettu: Why did the kid throw the watch out the window? So time would fly. 2025-11-26 11:00:03.431035
Data tallennettu: Why don't React developers like nature? They prefer the virtual DOM. 2025-11-26 11:15:04.296103
Data tallennettu: Did you hear about the guy whose whole left side was cut off? He's all right now. 2025-11-26 11:30:04.071569
Data tallennettu: What did the judge say to the dentist? Do you swear to pull the tooth, the whole tooth and nothing but the tooth? 2025-11-26 11:45:03.875889
Data tallennettu: Did you hear that the police have a warrant out on a midget psychic ripping people off? It reads "Small medium at large." 2025-11-26 12:00:03.010499
Data tallennettu: Why are skeletons so calm? Because nothing gets under their skin. 2025-11-26 12:15:03.064913
Data tallennettu: How can you tell a vampire has a cold? They start coffin. 2025-11-26 12:30:03.157027
Data tallennettu: When do doctors get angry? When they run out of patients. 2025-11-26 12:45:03.156955
Data tallennettu: How do you make a tissue dance? You put a little boogie on it. 2025-11-26 13:00:03.138041
Data tallennettu: I was gonna tell you a joke about UDP... ...but you might not get it. 2025-11-26 13:15:04.009160
Data tallennettu: Why do Java programmers wear glasses? Because they don't C#. 2025-11-26 13:30:03.224484
Data tallennettu: Why did the programmer go to art school? He wanted to learn how to code outside the box. 2025-11-26 13:45:03.128328
Data tallennettu: Why did the girl smear peanut butter on the road? To go with the traffic jam. 2025-11-26 14:00:03.373854
Data tallennettu: How do you find Will Smith in the snow? Look for fresh prints. 2025-11-26 14:15:03.324329
Data tallennettu: Who is the coolest Doctor in the hospital? The hip Doctor! 2025-11-26 14:30:04.020556
Data tallennettu: What do you call a computer mouse that swears a lot? A cursor! 2025-11-26 14:45:03.674928
Data tallennettu: Why are “Dad Jokes” so good? Because the punchline is apparent. 2025-11-26 15:00:03.529011
Data tallennettu: Where was the Declaration of Independence signed? At the bottom!  2025-11-26 15:15:03.546092
Data tallennettu: What did the janitor say when he jumped out of the closet? Supplies! 2025-11-26 15:30:03.563547
Data tallennettu: What's the difference between a seal and a sea lion? An ion!  2025-11-26 15:45:03.587522
Data tallennettu: What goes after USA? USB. 2025-11-26 16:00:03.822180
Data tallennettu: What did the ocean say to the beach? Thanks for all the sediment. 2025-11-26 16:15:03.874663
Data tallennettu: Where do programmers like to hangout? The Foo Bar. 2025-11-26 16:30:03.992003
Data tallennettu: What do you call a boomerang that won't come back? A stick. 2025-11-26 16:45:03.443034
Data tallennettu: Why do bees hum? Because they don't know the words. 2025-11-26 17:00:04.021902
Data tallennettu: What's the difference between a seal and a sea lion? An ion!  2025-11-26 17:15:03.757564
Data tallennettu: Why is seven bigger than nine? Because seven ate nine. 2025-11-26 17:30:03.776047
Data tallennettu: How do you comfort a designer? You give them some space... between the elements. 2025-11-26 17:45:03.179386
Data tallennettu: What did one nut say as he chased another nut? I'm a cashew! 2025-11-26 18:00:03.849349
Data tallennettu: What kind of award did the dentist receive? A little plaque. 2025-11-26 18:15:03.055037
Data tallennettu: Why did the developer quit his job? Because he didn't get arrays. 2025-11-26 18:30:03.360441
Data tallennettu: How can you tell a vampire has a cold? They start coffin. 2025-11-26 18:45:04.163100
Data tallennettu: What do you call a laughing motorcycle? A Yamahahahaha. 2025-11-26 19:00:03.449060
Data tallennettu: How do you tell the difference between a crocodile and an alligator? You will see one later and one in a while. 2025-11-26 19:15:04.277986
Data tallennettu: What do you call a singing Laptop? A Dell 2025-11-26 19:30:03.810408
Data tallennettu: What did the Red light say to the Green light? Don't look at me I'm changing! 2025-11-26 19:45:02.818526
Data tallennettu: How many hipsters does it take to change a lightbulb? Oh, it's a really obscure number. You've probably never heard of it. 2025-11-26 20:00:02.772916
Data tallennettu: What kind of tree fits in your hand? A palm tree! 2025-11-26 20:15:03.336927
Data tallennettu: What did the Red light say to the Green light? Don't look at me I'm changing! 2025-11-26 20:30:03.897890
Data tallennettu: I can't tell if i like this blender... It keeps giving me mixed results. 2025-11-26 20:45:03.901697
Data tallennettu: Which side of the chicken has more feathers? The outside. 2025-11-26 21:00:02.939961
Data tallennettu: Where do hamburgers go to dance? The meat-ball. 2025-11-26 21:15:03.020026
Data tallennettu: What did the Red light say to the Green light? Don't look at me I'm changing! 2025-11-26 21:30:03.540818
Data tallennettu: What do you call cheese by itself? Provolone. 2025-11-26 21:45:03.587074
Data tallennettu: Have you ever heard of a music group called Cellophane? They mostly wrap. 2025-11-26 22:00:03.518496
Data tallennettu: What do you call an eagle who can play the piano? Talonted! 2025-11-26 22:15:03.877333
Data tallennettu: What do you call an eagle who can play the piano? Talonted! 2025-11-26 22:30:03.365236
Data tallennettu: Knock knock. 
 Who's there? 
 Opportunity. That is impossible. Opportunity doesn’t come knocking twice! 2025-11-26 22:45:03.947814
Data tallennettu: Why do mathematicians hate the U.S.? Because it's indivisible. 2025-11-26 23:00:03.876254
Data tallennettu: Why did the golfer bring two pairs of pants? In case he got a hole in one. 2025-11-26 23:15:03.562515
Data tallennettu: Did you hear about the scientist who was lab partners with a pot of boiling water? He had a very esteemed colleague. 2025-11-26 23:30:03.669796
Data tallennettu: What kind of shoes does a thief wear? Sneakers 2025-11-26 23:45:03.842569
Data tallennettu: What is a vampire's favorite fruit? A blood orange. 2025-11-27 00:00:02.852657
Data tallennettu: Why did Dracula lie in the wrong coffin? He made a grave mistake. 2025-11-27 00:15:02.858640
Data tallennettu: How can you tell a vampire has a cold? They start coffin. 2025-11-27 00:30:02.952610
Data tallennettu: What does the mermaid wear to math class? Algae-bra. 2025-11-27 00:45:03.057705
Data tallennettu: How do you make holy water? You boil the hell out of it 2025-11-27 01:00:03.513947
Data tallennettu: What's orange and sounds like a parrot? A Carrot. 2025-11-27 01:15:03.997378
Data tallennettu: What's the difference between a guitar and a fish? You can tune a guitar but you can't "tuna"fish! 2025-11-27 01:30:03.756878
Data tallennettu: Why does it take longer to get from 1st to 2nd base, than it does to get from 2nd to 3rd base? Because there’s a Shortstop in between! 2025-11-27 01:45:03.766709
Data tallennettu: What do you call an Argentinian with a rubber toe? Roberto 2025-11-27 02:00:03.122085
Data tallennettu: If you boil a clown... Do you get a laughing stock? 2025-11-27 02:15:03.680188
Data tallennettu: What did the Zen Buddist say to the hotdog vendor? Make me one with everything. 2025-11-27 02:30:04.552465
Data tallennettu: What's a computer's favorite snack? Microchips. 2025-11-27 02:45:04.164079
Data tallennettu: What do you call a fly without wings? A walk. 2025-11-27 03:00:03.515406
Data tallennettu: What is this movie about? It is about 2 hours long. 2025-11-27 03:15:04.094903
Data tallennettu: What kind of bagel can fly? A plain bagel. 2025-11-27 03:30:03.694345
Data tallennettu: What do you call a fly without wings? A walk. 2025-11-27 03:45:04.206920
Data tallennettu: I was gonna tell you a joke about UDP... ...but you might not get it. 2025-11-27 04:00:02.786157
Data tallennettu: What do you call cheese by itself? Provolone. 2025-11-27 04:15:03.998484
Data tallennettu: Why was the designer always cold? Because they always used too much ice-olation. 2025-11-27 04:30:04.306436
Data tallennettu: What do you call a laughing motorcycle? A Yamahahahaha. 2025-11-27 04:45:03.580014
Data tallennettu: Did you hear the story about the cheese that saved the world? It was legend dairy. 2025-11-27 05:00:04.364615
Data tallennettu: Why did the functions stop calling each other? Because they had constant arguments. 2025-11-27 05:15:03.942887
Data tallennettu: Can a kangaroo jump higher than the Empire State Building? Of course. The Empire State Building can't jump. 2025-11-27 05:30:03.878704
Data tallennettu: An IPv6 packet is walking out of the house. He goes nowhere. 2025-11-27 05:45:03.512119
Data tallennettu: How much does a hipster weigh? An instagram. 2025-11-27 06:00:04.070290
Data tallennettu: What is a centipedes's favorite Beatle song? I want to hold your hand, hand, hand, hand... 2025-11-27 06:15:03.496539
Data tallennettu: Why did the invisible man turn down the job offer? He couldn't see himself doing it 2025-11-27 06:30:04.199887
Data tallennettu: What's the best thing about a Boolean? Even if you're wrong, you're only off by a bit. 2025-11-27 06:45:03.243019
Data tallennettu: Why do fathers take an extra pair of socks when they go golfing? In case they get a hole in one! 2025-11-27 07:00:03.358486
Data tallennettu: What's black and white and read all over? The newspaper. 2025-11-27 07:15:03.398090
Data tallennettu: Do I enjoy making courthouse puns? Guilty 2025-11-27 07:30:04.043655
Data tallennettu: What is the tallest building in the world? The library, it’s got the most stories! 2025-11-27 07:45:02.976675
Data tallennettu: When does a joke become a dad joke? When it becomes apparent. 2025-11-27 08:00:02.914934
Data tallennettu: What do you call a bear with no teeth? A gummy bear! 2025-11-27 08:15:03.588394
Data tallennettu: Why do scuba divers fall backwards into the water? Because if they fell forwards they’d still be in the boat. 2025-11-27 08:30:04.277272
Data tallennettu: What did the ocean say to the beach? Thanks for all the sediment. 2025-11-27 08:45:03.787948
Data tallennettu: What do you call two barracuda fish? A Pairacuda! 2025-11-27 09:00:03.914769
Data tallennettu: Where do programmers like to hangout? The Foo Bar. 2025-11-27 09:15:03.499920
Data tallennettu: What do you call a laughing motorcycle? A Yamahahahaha. 2025-11-27 09:30:03.698485
Data tallennettu: What do you call a crowd of chess players bragging about their wins in a hotel lobby? Chess nuts boasting in an open foyer. 2025-11-27 09:45:03.873427
Data tallennettu: Why are fish so smart? Because they live in schools! 2025-11-27 10:00:02.913362
Data tallennettu: How was the snow globe feeling after the storm? A little shaken. 2025-11-27 10:15:03.492141
Data tallennettu: What's the difference between a seal and a sea lion? An ion!  2025-11-27 10:30:04.428984
Data tallennettu: What do you call sad coffee? Despresso. 2025-11-27 10:45:03.755530
Data tallennettu: What's the best thing about Switzerland? I don't know, but their flag is a big plus. 2025-11-27 11:00:03.816259
Data tallennettu: Why was the JavaScript developer sad? He didn't know how to null his feelings. 2025-11-27 11:15:03.131072
Data tallennettu: Why was the font always tired? It was always bold. 2025-11-27 11:30:03.444837
Data tallennettu: Have you heard of the band 1023MB? They haven't got a gig yet. 2025-11-27 11:45:04.141612
Data tallennettu: What did one plate say to the other plate? Dinner is on me! 2025-11-27 12:00:03.199281
Data tallennettu: What did one nut say as he chased another nut? I'm a cashew! 2025-11-27 12:15:03.217261
Data tallennettu: Why did the octopus beat the shark in a fight? Because it was well armed. 2025-11-27 12:30:03.282439
Data tallennettu: What do you call cheese by itself? Provolone. 2025-11-27 12:45:03.409309
Data tallennettu: What kind of dog lives in a particle accelerator? A Fermilabrador Retriever. 2025-11-27 13:00:04.005288
Data tallennettu: How do you steal a coat? You jacket. 2025-11-27 13:15:03.914053
Data tallennettu: Where do sheep go to get their hair cut? The baa-baa shop. 2025-11-27 13:30:03.140526
Data tallennettu: Why does a chicken coop only have two doors? Because if it had four doors it would be a chicken sedan. 2025-11-27 13:45:03.781849
Data tallennettu: Why are skeletons so calm? Because nothing gets under their skin. 2025-11-27 14:00:02.800865
Data tallennettu: What did the fish say when it hit the wall? Dam. 2025-11-27 14:15:02.771457
Data tallennettu: Why do programmers always get Christmas and Halloween mixed up? Because DEC 25 = OCT 31 2025-11-27 14:30:02.993468
Data tallennettu: What did one wall say to the other wall? I'll meet you at the corner! 2025-11-27 14:45:03.415593
Data tallennettu: Did you hear the news? FedEx and UPS are merging. They’re going to go by the name Fed-Up from now on. 2025-11-27 15:00:03.868908
Data tallennettu: How did the hipster burn the roof of his mouth? He ate the pizza before it was cool. 2025-11-27 15:15:03.575840
Data tallennettu: Why do programmers always get Christmas and Halloween mixed up? Because DEC 25 = OCT 31 2025-11-27 15:30:03.771004
Data tallennettu: What do you call a factory that sells passable products? A satisfactory 2025-11-27 15:45:04.138622
Data tallennettu: Why did Sweden start painting barcodes on the sides of their battleships? So they could Scandinavian. 2025-11-27 16:00:03.179653
Data tallennettu: How good are you at Power Point? I Excel at it. 2025-11-27 16:15:03.267628
Data tallennettu: Why did the private classes break up? Because they never saw each other. 2025-11-27 16:30:03.447646
Data tallennettu: Who did the wizard marry? His ghoul-friend 2025-11-27 16:45:04.134795
Data tallennettu: Why was Cinderalla thrown out of the football team? Because she ran away from the ball. 2025-11-27 17:00:03.281658
Data tallennettu: Why did the house go to the doctor? It was having window panes. 2025-11-27 17:15:03.706389
Data tallennettu: How do you make holy water? You boil the hell out of it 2025-11-27 17:30:03.325097
Data tallennettu: Why was the JavaScript developer sad? He didn't know how to null his feelings. 2025-11-27 17:45:04.385806
Data tallennettu: Do you know what the word 'was' was initially? Before was was was was was is. 2025-11-27 18:00:04.112861
Data tallennettu: Why did the scarecrow win an award? Because he was outstanding in his field. 2025-11-27 18:15:03.156266
Data tallennettu: What cheese can never be yours? Nacho cheese. 2025-11-27 18:30:03.409921
Data tallennettu: What creature is smarter than a talking parrot? A spelling bee. 2025-11-27 18:45:04.027937
Data tallennettu: Why did the programmer's wife leave him? He didn't know how to commit. 2025-11-27 19:00:03.043612
Data tallennettu: I bought some shoes from a drug dealer. I don't know what he laced them with, but I was tripping all day! 2025-11-27 19:15:03.166596
Data tallennettu: What do you call a thieving alligator? A crookodile! 2025-11-27 19:30:03.474692
Data tallennettu: I saw a nice stereo on Craigslist for $1. Seller says the volume is stuck on ‘high’ I couldn’t turn it down. 2025-11-27 19:45:03.592601
Data tallennettu: How do you generate a random string? Put a Windows user in front of Vim and tell them to exit. 2025-11-28 00:00:02.929443
Data tallennettu: Can I watch the TV? Yes, but don’t turn it on. 2025-11-28 00:15:02.045614
Data tallennettu: How many bones are in the human hand? A handful of them. 2025-11-28 00:30:02.312157
Data tallennettu: Why don't scientists trust atoms? Because they make up everything. 2025-11-28 00:45:02.556393
Data tallennettu: How do you get two whales in a car? Start in England and drive West. 2025-11-28 01:00:02.328368
Data tallennettu: Why do C# and Java developers keep breaking their keyboards? Because they use a strongly typed language. 2025-11-28 01:15:02.324697
Data tallennettu: Why did the developer quit his job? Because he didn't get arrays. 2025-11-28 01:30:02.566344
Data tallennettu: Why do choirs keep buckets handy? So they can carry their tune 2025-11-28 01:45:02.303421
Data tallennettu: Why did Dracula lie in the wrong coffin? He made a grave mistake. 2025-11-28 02:00:02.720581
Data tallennettu: What do ghosts call their true love? Their ghoul-friend 2025-11-28 02:15:02.364923
Data tallennettu: What animal is always at a game of cricket? A bat. 2025-11-28 02:30:02.315354
Data tallennettu: What do you call a suspicious looking laptop? Asus 2025-11-28 02:45:02.910290
Data tallennettu: What do you give to a lemon in need? Lemonaid. 2025-11-28 03:00:02.066182
Data tallennettu: Why does Superman get invited to dinners? Because he is a Supperhero. 2025-11-28 03:15:02.308500
Data tallennettu: Why do choirs keep buckets handy? So they can carry their tune 2025-11-28 03:30:02.636384
Data tallennettu: What do you get when you cross a rabbit with a water hose? Hare spray. 2025-11-28 03:45:02.906042
Data tallennettu: How do you fix a broken pizza? With tomato paste. 2025-11-28 04:00:01.774705
Data tallennettu: What does C.S. Lewis keep at the back of his wardrobe? Narnia business! 2025-11-28 04:15:02.540445
Data tallennettu: Hey, dad, did you get a haircut? No, I got them all cut. 2025-11-28 04:30:02.329148
Data tallennettu: Don't look at the eclipse through a colander. You'll strain your eyes. 2025-11-28 04:45:03.148395
Data tallennettu: What do you call a suspicious looking laptop? Asus 2025-11-28 05:00:02.493291
Data tallennettu: Why didn’t the orange win the race? It ran out of juice. 2025-11-28 05:15:02.334212
Data tallennettu: Lady: How do I spread love in this cruel world? Random Dude: [...💘] 2025-11-28 05:30:02.889265
Data tallennettu: What kind of pants do ghosts wear? Boo jeans. 2025-11-28 05:45:01.745643
Data tallennettu: What do you call a bee that can't make up its mind? A maybe. 2025-11-28 06:00:02.514573
Data tallennettu: Knock knock. 
 Who's there? 
 A broken pencil. 
 A broken pencil who? Never mind. It's pointless. 2025-11-28 06:15:02.306930
Data tallennettu: Where do rabbits go after they get married? On a bunny-moon. 2025-11-28 06:30:02.594250
Data tallennettu: How do you find Will Smith in the snow? Look for fresh prints. 2025-11-28 06:45:02.208330
Data tallennettu: What does the mermaid wear to math class? Algae-bra. 2025-11-28 07:00:02.601065
Data tallennettu: Why did the Clydesdale give the pony a glass of water? Because he was a little horse 2025-11-28 07:15:02.386287
Data tallennettu: What do you call a bear with no teeth? A gummy bear! 2025-11-28 07:30:02.130955
Data tallennettu: What do you call fake spaghetti? An impasta. 2025-11-28 07:45:01.904430
Data tallennettu: How do you find Will Smith in the snow? Look for fresh prints. 2025-11-28 08:00:03.191189
Data tallennettu: What did the digital clock say to the grandfather clock? Look, no hands! 2025-11-28 08:15:01.974829
Data tallennettu: What is the leading cause of dry skin? Towels 2025-11-28 08:30:02.139578
Data tallennettu: If you see a robbery at an Apple Store... Does that make you an iWitness? 2025-11-28 08:45:01.884010
Data tallennettu: Did you hear about the Mexican train killer? He had loco motives 2025-11-28 09:00:02.697427
Data tallennettu: How many optometrists does it take to change a light bulb? 1 or 2? 1... or 2? 2025-11-28 09:15:02.465879
Data tallennettu: What did one nut say as he chased another nut? I'm a cashew! 2025-11-28 09:30:02.280867
Data tallennettu: How do you know if there’s an elephant under your bed? Your head hits the ceiling! 2025-11-28 09:45:01.982495
Data tallennettu: Why did the cookie cry? It was feeling crumby. 2025-11-28 10:00:01.728996
Data tallennettu: What do you call a pile of cats? A Meowtain. 2025-11-28 10:15:02.473632
Data tallennettu: Why did the developer break up with their keyboard? It just wasn't their type anymore. 2025-11-28 10:30:02.269488
Data tallennettu: Why did the man put his money in the freezer? He wanted cold hard cash! 2025-11-28 10:45:01.992729
Data tallennettu: What's brown and sticky? A stick. 2025-11-28 11:00:01.760267
Data tallennettu: A user interface is like a joke. If you have to explain it then it is not that good. 2025-11-28 11:15:03.115264
Data tallennettu: What is a centipedes's favorite Beatle song? I want to hold your hand, hand, hand, hand... 2025-11-28 11:30:01.856392
Data tallennettu: When is a door not a door? When it's ajar. 2025-11-28 11:45:03.113625
Data tallennettu: What's the best thing about a Boolean? Even if you're wrong, you're only off by a bit. 2025-11-28 12:00:01.852915
Data tallennettu: What do you call sad coffee? Despresso. 2025-11-28 12:15:02.593583
Data tallennettu: How many React developers does it take to change a lightbulb? None, they prefer dark mode. 2025-11-28 12:30:02.385246
Data tallennettu: Why are fish so smart? Because they live in schools! 2025-11-28 12:45:02.172397
Data tallennettu: I'm reading a book about anti-gravity... It's impossible to put down 2025-11-28 13:00:07.319539
Data tallennettu: A DHCP packet walks into a bar and asks for a beer. Bartender says, "here, but I’ll need that back in an hour!" 2025-11-28 13:15:02.026098
Data tallennettu: What do you give to a lemon in need? Lemonaid. 2025-11-28 13:30:01.834086
Data tallennettu: Did you hear about the Mexican train killer? He had loco motives 2025-11-28 13:45:02.637904
Data tallennettu: What do vegetarian zombies eat? Grrrrrainnnnnssss. 2025-11-28 14:00:02.893195
Data tallennettu: What did the janitor say when he jumped out of the closet? Supplies! 2025-11-28 14:15:02.641273
Data tallennettu: What is red and smells like blue paint? Red paint! 2025-11-28 14:30:02.473704
Data tallennettu: Where do young cows eat lunch? In the calf-ateria. 2025-11-28 14:45:02.734093
Data tallennettu: What do you call a factory that sells passable products? A satisfactory 2025-11-28 15:00:03.034296
Data tallennettu: Where do rabbits go after they get married? On a bunny-moon. 2025-11-28 15:15:01.785865
Traceback (most recent call last):
  File "/home/ubuntu/Linux-Administration/venv/lib/python3.12/site-packages/mysql/connector/connection_cext.py", line 772, in cmd_query
    self._cmysql.query(
_mysql_connector.MySQLInterfaceError: Data too long for column 'setup' at row 1

The above exception was the direct cause of the following exception:

Traceback (most recent call last):
  File "/home/ubuntu/Linux-Administration/cron/fetch_joke.py", line 21, in <module>
    cursor.execute('INSERT INTO jokes_data (setup, punchline, timestamp) VALUES (%s, %s, %s)', (setup, punchline, timestamp))
  File "/home/ubuntu/Linux-Administration/venv/lib/python3.12/site-packages/mysql/connector/cursor_cext.py", line 353, in execute
    self._connection.cmd_query(
  File "/home/ubuntu/Linux-Administration/venv/lib/python3.12/site-packages/mysql/connector/opentelemetry/context_propagation.py", line 97, in wrapper
    return method(cnx, *args, **kwargs)
           ^^^^^^^^^^^^^^^^^^^^^^^^^^^^
  File "/home/ubuntu/Linux-Administration/venv/lib/python3.12/site-packages/mysql/connector/connection_cext.py", line 781, in cmd_query
    raise get_mysql_exception(
mysql.connector.errors.DataError: 1406 (22001): Data too long for column 'setup' at row 1
Data tallennettu: What time did the man go to the dentist? Tooth hurt-y. 2025-11-28 15:45:02.344921
Data tallennettu: What kind of music do planets listen to? Nep-tunes. 2025-11-28 16:00:02.617062
Data tallennettu: What do you call a pile of cats? A Meowtain. 2025-11-28 16:15:02.405089
Data tallennettu: What do you call a computer mouse that swears a lot? A cursor! 2025-11-28 16:30:02.150395
Data tallennettu: There are 10 types of people in this world... Those who understand binary and those who don't 2025-11-28 16:45:02.383623
Data tallennettu: What did the fish say when it swam into a wall? Damn! 2025-11-28 17:00:02.229414
Data tallennettu: How do you make a tissue dance? You put a little boogie on it. 2025-11-28 17:15:02.632758
Data tallennettu: Why did the worker get fired from the orange juice factory? Lack of concentration. 2025-11-28 17:30:03.026138
Data tallennettu: what do you call a dog that can do magic tricks? a labracadabrador 2025-11-28 17:45:01.849890
Data tallennettu: What type of music do balloons hate? Pop music! 2025-11-28 18:00:02.571973
Data tallennettu: Why did the scarecrow win an award? Because he was outstanding in his field. 2025-11-28 18:15:02.337858
Data tallennettu: What do prisoners use to call each other? Cell phones. 2025-11-28 18:30:02.130203
Data tallennettu: How do you tell the difference between a crocodile and an alligator? You will see one later and one in a while. 2025-11-28 18:45:01.835139
Data tallennettu: Did you watch the new comic book movie? It was very graphic! 2025-11-28 19:00:02.553297
Data tallennettu: Want to hear a chimney joke? Got stacks of em! First one's on the house 2025-11-28 19:15:02.323288
Data tallennettu: What did the shy pebble wish for? That she was a little boulder. 2025-11-28 19:30:02.306535
Data tallennettu: Why do crabs never give to charity? Because they’re shellfish. 2025-11-28 19:45:02.358663
Data tallennettu: A user interface is like a joke. If you have to explain it then it is not that good. 2025-11-28 20:00:02.145078
Data tallennettu: Do you know what the word 'was' was initially? Before was was was was was is. 2025-11-28 20:15:01.921418
Data tallennettu: what do you call a dog that can do magic tricks? a labracadabrador 2025-11-28 20:30:01.712766
Data tallennettu: Why did the cookie cry? It was feeling crumby. 2025-11-28 20:45:02.492878
Data tallennettu: What is the most used language in programming? Profanity. 2025-11-28 21:00:02.753394
Data tallennettu: Where was the Declaration of Independence signed? At the bottom!  2025-11-28 21:15:02.749221
Data tallennettu: Do you want a brief explanation of what an acorn is? In a nutshell, it's an oak tree. 2025-11-28 21:30:02.537150
Data tallennettu: Did you watch the new comic book movie? It was very graphic! 2025-11-28 21:45:02.285786
Data tallennettu: What's blue and not very heavy? Light blue. 2025-11-28 22:00:02.246981
Data tallennettu: What is the difference between ignorance and apathy? I don't know and I don't care. 2025-11-28 22:15:03.127529
Data tallennettu: How does the moon cut his hair? Eclipse it. 2025-11-28 22:30:01.907256
Data tallennettu: I started a new business making yachts in my attic this year... The sails are going through the roof. 2025-11-28 22:45:02.007779
Data tallennettu: What's the best thing about Switzerland? I don't know, but their flag is a big plus. 2025-11-28 23:00:01.997396
Data tallennettu: What did the shy pebble wish for? That she was a little boulder. 2025-11-28 23:15:02.003978
Data tallennettu: what do you call a dog that can do magic tricks? a labracadabrador 2025-11-28 23:30:01.723225
Data tallennettu: What did the traffic light say to the car as it passed? Don't look I'm changing! 2025-11-28 23:45:02.978167
Data tallennettu: Why does Waldo only wear stripes? Because he doesn't want to be spotted. 2025-11-29 00:00:02.639534
Data tallennettu: What did the big flower say to the littler flower? Hi, bud! 2025-11-29 00:15:02.357548
Data tallennettu: How much does a hipster weigh? An instagram. 2025-11-29 00:30:02.738713
Data tallennettu: What do you get when you cross a rabbit with a water hose? Hare spray. 2025-11-29 00:45:01.806740
Data tallennettu: Why did the golfer wear two pairs of pants? In case he got a hole in one. 2025-11-29 01:00:03.036409
Data tallennettu: What did the traffic light say to the car as it passed? Don't look I'm changing! 2025-11-29 01:15:02.085326
Data tallennettu: Why did the butcher work extra hours at the shop? To make ends meat. 2025-11-29 01:30:02.639446
Data tallennettu: Did you hear about the guy who invented Lifesavers? They say he made a mint. 2025-11-29 01:45:02.458538
Data tallennettu: What did the pirate say on his 80th birthday? Aye Matey! 2025-11-29 02:00:02.982809
Data tallennettu: Did you hear about the scientist who was lab partners with a pot of boiling water? He had a very esteemed colleague. 2025-11-29 02:15:01.735169
Data tallennettu: What do you call a computer mouse that swears a lot? A cursor! 2025-11-29 02:30:03.015657
Data tallennettu: Why did the developer break up with their keyboard? It just wasn't their type anymore. 2025-11-29 02:45:02.493880
Data tallennettu: Want to hear a chimney joke? Got stacks of em! First one's on the house 2025-11-29 03:00:02.838251
Data tallennettu: Why does Waldo only wear stripes? Because he doesn't want to be spotted. 2025-11-29 03:15:03.128037
Data tallennettu: What do you get when you cross a snowman with a vampire? Frostbite. 2025-11-29 03:30:02.793204
Data tallennettu: How do hens stay fit? They always egg-cercise! 2025-11-29 03:45:03.052923
Data tallennettu: Why did the invisible man turn down the job offer? He couldn't see himself doing it 2025-11-29 04:00:02.384197
Data tallennettu: How many kids with ADD does it take to change a lightbulb? Let's go ride bikes! 2025-11-29 04:15:02.183160
Data tallennettu: Why did the cookie go to the doctor?  Because it was feeling crumbly. 2025-11-29 04:30:01.968735
Data tallennettu: Why can't your nose be 12 inches long? Because then it'd be a foot! 2025-11-29 04:45:02.169186
Data tallennettu: What did the late tomato say to the early tomato? I’ll ketch up 2025-11-29 05:00:02.405910
Data tallennettu: How many lips does a flower have? Tulips 2025-11-29 05:15:02.158893
Data tallennettu: How do you organize a space party? You planet. 2025-11-29 05:30:02.513726
Data tallennettu: What biscuit does a short person like? Shortbread.  2025-11-29 05:45:02.698193
Data tallennettu: What does a clock do when it's hungry? It goes back four seconds! 2025-11-29 06:00:02.983165
Data tallennettu: Where did you learn to make ice cream? Sunday school. 2025-11-29 06:15:02.214014
Data tallennettu: I dropped a pear in my car this morning. You should drop another one, then you would have a pair. 2025-11-29 06:30:02.013305
Data tallennettu: Why do crabs never give to charity? Because they’re shellfish. 2025-11-29 06:45:01.951893
Data tallennettu: What do you call a careful wolf? Aware wolf. 2025-11-29 07:00:01.817382
Data tallennettu: What are the strongest days of the week? Saturday and Sunday...the rest are weekdays. 2025-11-29 07:15:03.082405
Data tallennettu: 99.9% of the people are dumb! Fortunately I belong to the remaining 1% 2025-11-29 07:30:02.328508
Data tallennettu: What's the best thing about Switzerland? I don't know, but their flag is a big plus. 2025-11-29 07:45:02.084557
Data tallennettu: Why did the tree go to the dentist? It needed a root canal. 2025-11-29 08:00:02.319826
Data tallennettu: What did the scarf say to the hat? You go on ahead, I am going to hang around a bit longer. 2025-11-29 08:15:02.114643
Data tallennettu: What's the best thing about a Boolean? Even if you're wrong, you're only off by a bit. 2025-11-29 08:30:02.346187
Data tallennettu: Why are ghosts bad liars? Because you can see right through them! 2025-11-29 08:45:02.153103
Data tallennettu: Knock knock. 
 Who's there? 
 Cows go. 
 Cows go who? No, cows go moo. 2025-11-29 09:00:02.427533
Data tallennettu: Do I enjoy making courthouse puns? Guilty 2025-11-29 09:15:02.709718
Data tallennettu: You see, mountains aren't just funny. They are hill areas. 2025-11-29 09:30:02.968786
Data tallennettu: Why did the developer go broke buying Bitcoin? He kept calling it bytecoin and didn't get any. 2025-11-29 09:45:01.692014
Data tallennettu: Why are “Dad Jokes” so good? Because the punchline is apparent. 2025-11-29 10:00:02.544890
Data tallennettu: What did one plate say to the other plate? Dinner is on me! 2025-11-29 10:15:02.294397
Data tallennettu: Why was the designer always cold? Because they always used too much ice-olation. 2025-11-29 10:30:02.496251
Data tallennettu: Did you hear the joke about the wandering nun? She was a roman catholic. 2025-11-29 10:45:02.236039
Data tallennettu: Why did the tomato blush? Because it saw the salad dressing. 2025-11-29 11:00:01.987323
Data tallennettu: Where did the API go to eat? To the RESTaurant. 2025-11-29 11:15:01.737537
Data tallennettu: A SQL query walks into a bar, walks up to two tables and asks... 'Can I join you?' 2025-11-29 11:30:02.502219
Data tallennettu: Have you heard the rumor going around about butter? Never mind, I shouldn't spread it. 2025-11-29 11:45:02.217514
Data tallennettu: Why does Waldo only wear stripes? Because he doesn't want to be spotted. 2025-11-29 12:00:01.994277
Data tallennettu: I started a new business making yachts in my attic this year... The sails are going through the roof. 2025-11-29 12:15:01.699696
Data tallennettu: Where was the Declaration of Independence signed? At the bottom!  2025-11-29 12:30:02.458690
Data tallennettu: Why did the kid cross the playground? To get to the other slide. 2025-11-29 12:45:02.223638
Data tallennettu: What did the router say to the doctor? It hurts when IP. 2025-11-29 13:00:01.979339
Data tallennettu: How good are you at Power Point? I Excel at it. 2025-11-29 13:15:01.739131
Data tallennettu: Do I enjoy making courthouse puns? Guilty 2025-11-29 13:30:02.514505
Data tallennettu: Why did the developer break up with their keyboard? It just wasn't their type anymore. 2025-11-29 13:45:02.317849
Data tallennettu: Why are ghosts bad liars? Because you can see right through them! 2025-11-29 14:00:02.038576
Data tallennettu: I couldn't get a reservation at the library... They were fully booked. 2025-11-29 14:15:01.777024
Data tallennettu: What is the leading cause of dry skin? Towels 2025-11-29 14:30:02.541025
Data tallennettu: Why dot net developers don't wear glasses? Because they see sharp. 2025-11-29 14:45:02.741181
Data tallennettu: What goes after USA? USB. 2025-11-29 15:00:02.532323
Data tallennettu: What's the best thing about Switzerland? I don't know, but their flag is a big plus. 2025-11-29 15:15:02.330848
Data tallennettu: While I was sleeping my friends decided to write math equations on me. You should have seen the expression on my face when I woke up. 2025-11-29 15:30:02.117055
Data tallennettu: Why did the developer go to therapy? They had too many unresolved issues. 2025-11-29 15:45:01.867556
Data tallennettu: What kind of music do welders like? Heavy metal. 2025-11-29 16:00:02.642204
Data tallennettu: What do you call a droid that takes the long way around? R2 detour. 2025-11-29 16:15:02.905193
Data tallennettu: What did one nut say as he chased another nut? I'm a cashew! 2025-11-29 16:30:02.699528
Data tallennettu: Did you hear the news? FedEx and UPS are merging. They’re going to go by the name Fed-Up from now on. 2025-11-29 16:45:02.439924
Data tallennettu: What's the difference between a guitar and a fish? You can tune a guitar but you can't "tuna"fish! 2025-11-29 17:00:02.156663
Data tallennettu: What is a witch's favorite subject in school? Spelling! 2025-11-29 17:15:01.873091
Data tallennettu: Do you want a brief explanation of what an acorn is? In a nutshell, it's an oak tree. 2025-11-29 17:30:02.699364
Data tallennettu: What do you call a computer mouse that swears a lot? A cursor! 2025-11-29 17:45:02.922157
Data tallennettu: While I was sleeping my friends decided to write math equations on me. You should have seen the expression on my face when I woke up. 2025-11-29 18:00:01.734666
Data tallennettu: Why does Superman get invited to dinners? Because he is a Supperhero. 2025-11-29 18:15:02.462182
Data tallennettu: What's the object-oriented way to become wealthy? Inheritance 2025-11-29 18:30:02.274929
Data tallennettu: Why did the tomato blush? Because it saw the salad dressing. 2025-11-29 18:45:02.002993
Data tallennettu: Why did the cowboy have a weiner dog? Somebody told him to get a long little doggy. 2025-11-29 19:00:01.792877
Traceback (most recent call last):
  File "/home/ubuntu/Linux-Administration/venv/lib/python3.12/site-packages/mysql/connector/connection_cext.py", line 772, in cmd_query
    self._cmysql.query(
_mysql_connector.MySQLInterfaceError: Data too long for column 'setup' at row 1

The above exception was the direct cause of the following exception:

Traceback (most recent call last):
  File "/home/ubuntu/Linux-Administration/cron/fetch_joke.py", line 21, in <module>
    cursor.execute('INSERT INTO jokes_data (setup, punchline, timestamp) VALUES (%s, %s, %s)', (setup, punchline, timestamp))
  File "/home/ubuntu/Linux-Administration/venv/lib/python3.12/site-packages/mysql/connector/cursor_cext.py", line 353, in execute
    self._connection.cmd_query(
  File "/home/ubuntu/Linux-Administration/venv/lib/python3.12/site-packages/mysql/connector/opentelemetry/context_propagation.py", line 97, in wrapper
    return method(cnx, *args, **kwargs)
           ^^^^^^^^^^^^^^^^^^^^^^^^^^^^
  File "/home/ubuntu/Linux-Administration/venv/lib/python3.12/site-packages/mysql/connector/connection_cext.py", line 781, in cmd_query
    raise get_mysql_exception(
mysql.connector.errors.DataError: 1406 (22001): Data too long for column 'setup' at row 1
Data tallennettu: What musical instrument is found in the bathroom? A tuba toothpaste. 2025-11-29 19:30:02.418990
Data tallennettu: What is the tallest building in the world? The library, it’s got the most stories! 2025-11-29 19:45:02.749957
Data tallennettu: A termite walks into a bar and says... 'Where is the bar tended?' 2025-11-29 20:00:01.811505
Data tallennettu: What did the fish say when it swam into a wall? Damn! 2025-11-29 20:15:01.803634
Data tallennettu: what do you call a dog that can do magic tricks? a labracadabrador 2025-11-29 20:30:01.918695
Data tallennettu: Want to hear a joke about a piece of paper? Never mind...it's tearable 2025-11-29 20:45:02.024583
Data tallennettu: What do you call an alligator in a vest? An in-vest-igator! 2025-11-29 21:00:02.079408
Data tallennettu: A ham sandwhich walks into a bar and orders a beer. The bartender says... I'm sorry, we don't serve food here 2025-11-29 21:15:02.650131
Data tallennettu: What did the traffic light say to the car as it passed? Don't look I'm changing! 2025-11-29 21:30:02.459326
Data tallennettu: Why didn’t the orange win the race? It ran out of juice. 2025-11-29 21:45:02.610265
Data tallennettu: What’s brown and sounds like a bell? Dung! 2025-11-29 22:00:02.369278
Data tallennettu: How does a scientist freshen their breath? With experi-mints! 2025-11-29 22:15:02.700423
Data tallennettu: Why was the JavaScript developer sad? He didn't know how to null his feelings. 2025-11-29 22:30:02.546399
Data tallennettu: I was gonna tell you a joke about UDP... ...but you might not get it. 2025-11-29 22:45:02.578282
Data tallennettu: Why did the chicken get a penalty? For fowl play. 2025-11-29 23:00:02.473248
Data tallennettu: Why does Waldo only wear stripes? Because he doesn't want to be spotted. 2025-11-29 23:15:01.886586
Data tallennettu: Why did the chicken get a penalty? For fowl play. 2025-11-29 23:30:02.705575
Data tallennettu: Why did the girl smear peanut butter on the road? To go with the traffic jam. 2025-11-29 23:45:02.956325
Data tallennettu: What did the left eye say to the right eye? Between us, something smells! 2025-11-30 00:00:01.711247
Data tallennettu: Why did the math book look sad? Because it had too many problems. 2025-11-30 00:15:03.010996
Data tallennettu: What did the digital clock say to the grandfather clock? Look, no hands! 2025-11-30 00:30:01.783483
Data tallennettu: What kind of tree fits in your hand? A palm tree! 2025-11-30 00:45:02.491885
Data tallennettu: There are 10 types of people in this world... Those who understand binary and those who don't 2025-11-30 01:00:02.895757
Data tallennettu: Why did the programmer quit their job? They didn't get arrays. 2025-11-30 01:15:02.665061
Data tallennettu: Why can’t you hear a pterodactyl go to the bathroom? The p is silent. 2025-11-30 01:30:03.299201
Data tallennettu: What's the difference between a hippo and a zippo? One is really heavy, the other is a little lighter. 2025-11-30 01:45:02.232620
Data tallennettu: Why did the functions stop calling each other? Because they had constant arguments. 2025-11-30 02:00:03.909379
Data tallennettu: What did the Dorito farmer say to the other Dorito farmer? Cool Ranch! 2025-11-30 02:15:02.808622
Data tallennettu: What kind of tree fits in your hand? A palm tree! 2025-11-30 02:30:02.806345
Data tallennettu: Why can’t you hear a pterodactyl go to the bathroom? The p is silent. 2025-11-30 02:45:02.160414
Data tallennettu: Did you hear about the guy whose whole left side was cut off? He's all right now. 2025-11-30 03:00:01.924166
Data tallennettu: Two guys walk into a bar . . . The first guy says "Ouch!" and the second says "Yeah, I didn't see it either." 2025-11-30 03:15:03.181407
Data tallennettu: How many React developers does it take to change a lightbulb? None, they prefer dark mode. 2025-11-30 03:30:02.430752
Data tallennettu: What biscuit does a short person like? Shortbread.  2025-11-30 03:45:02.343249
Data tallennettu: How many lips does a flower have? Tulips 2025-11-30 04:00:02.596276
Data tallennettu: Why did the coffee file a police report? It got mugged. 2025-11-30 04:15:02.359636
Data tallennettu: What do you call a pig that knows karate? A pork chop! 2025-11-30 04:30:02.255881
Data tallennettu: Where do bees go to the bathroom? The BP station. 2025-11-30 04:45:02.485039
Data tallennettu: Knock knock. 
 Who's there? 
 Cows go. 
 Cows go who? No, cows go moo. 2025-11-30 05:00:02.292366
Data tallennettu: Why couldn't the bicycle stand up by itself? It was two-tired. 2025-11-30 05:15:03.619461
Data tallennettu: A user interface is like a joke. If you have to explain it then it is not that good. 2025-11-30 05:30:02.164356
Data tallennettu: What is the hardest part about sky diving? The ground. 2025-11-30 05:45:02.690136
Data tallennettu: Why does a Moon-rock taste better than an Earth-rock? Because it's a little meteor. 2025-11-30 06:00:03.237695
Data tallennettu: What do you call a nervous javelin thrower? Shakespeare. 2025-11-30 06:15:02.453923
Data tallennettu: What is a centipedes's favorite Beatle song? I want to hold your hand, hand, hand, hand... 2025-11-30 06:30:03.039397
Data tallennettu: Why did the designer break up with their font? Because it wasn't their type. 2025-11-30 06:45:01.782519
Data tallennettu: Do you know what the word 'was' was initially? Before was was was was was is. 2025-11-30 07:00:02.546429
Data tallennettu: How can you tell a vampire has a cold? They start coffin. 2025-11-30 07:15:02.486902
Data tallennettu: Did you hear about the crime in the parking garage? It was wrong on so many levels. 2025-11-30 07:30:02.808339
Data tallennettu: Bad at golf? Join the club. 2025-11-30 07:45:03.141228
Traceback (most recent call last):
  File "/home/ubuntu/Linux-Administration/venv/lib/python3.12/site-packages/mysql/connector/connection_cext.py", line 772, in cmd_query
    self._cmysql.query(
_mysql_connector.MySQLInterfaceError: Data too long for column 'setup' at row 1

The above exception was the direct cause of the following exception:

Traceback (most recent call last):
  File "/home/ubuntu/Linux-Administration/cron/fetch_joke.py", line 21, in <module>
    cursor.execute('INSERT INTO jokes_data (setup, punchline, timestamp) VALUES (%s, %s, %s)', (setup, punchline, timestamp))
  File "/home/ubuntu/Linux-Administration/venv/lib/python3.12/site-packages/mysql/connector/cursor_cext.py", line 353, in execute
    self._connection.cmd_query(
  File "/home/ubuntu/Linux-Administration/venv/lib/python3.12/site-packages/mysql/connector/opentelemetry/context_propagation.py", line 97, in wrapper
    return method(cnx, *args, **kwargs)
           ^^^^^^^^^^^^^^^^^^^^^^^^^^^^
  File "/home/ubuntu/Linux-Administration/venv/lib/python3.12/site-packages/mysql/connector/connection_cext.py", line 781, in cmd_query
    raise get_mysql_exception(
mysql.connector.errors.DataError: 1406 (22001): Data too long for column 'setup' at row 1
Data tallennettu: Why don't you find hippopotamuses hiding in trees? They're really good at it. 2025-11-30 08:15:01.724464
Data tallennettu: I saw a nice stereo on Craigslist for $1. Seller says the volume is stuck on ‘high’ I couldn’t turn it down. 2025-11-30 08:30:02.476463
Data tallennettu: What kind of music do planets listen to? Nep-tunes. 2025-11-30 08:45:02.244865
Data tallennettu: Why was the font always tired? It was always bold. 2025-11-30 09:00:02.232834
Data tallennettu: What did one snowman say to the other snow man? Do you smell carrot? 2025-11-30 09:15:01.973313
Data tallennettu: How do you make a hankie dance? Put a little boogie in it. 2025-11-30 09:30:01.740285
Data tallennettu: What’s Forest Gump’s Facebook password? 1forest1 2025-11-30 09:45:02.488325
Data tallennettu: What did the Zen Buddist say to the hotdog vendor? Make me one with everything. 2025-11-30 10:00:02.312518
Data tallennettu: Why did the programmer quit their job? They didn't get arrays. 2025-11-30 10:15:02.494758
Data tallennettu: What did the big flower say to the littler flower? Hi, bud! 2025-11-30 10:30:02.385186
Data tallennettu: Why do ducks make great detectives? They always quack the case. 2025-11-30 10:45:02.665657
Data tallennettu: What was a more important invention than the first telephone? The second one. 2025-11-30 11:00:02.406392
Data tallennettu: What does the mermaid wear to math class? Algae-bra. 2025-11-30 11:15:02.262271
Data tallennettu: What happens when you anger a brain surgeon? They will give you a piece of your mind. 2025-11-30 11:30:02.081060
Data tallennettu: When do doctors get angry? When they run out of patients. 2025-11-30 11:45:01.805848
Data tallennettu: The punchline often arrives before the set-up. Do you know the problem with UDP jokes? 2025-11-30 12:00:02.544743
Data tallennettu: Why can't bicycles stand on their own? They are two tired 2025-11-30 12:15:02.246569
Data tallennettu: What has ears but cannot hear? A field of corn. 2025-11-30 12:30:01.994811
Data tallennettu: What did the Buffalo say to his little boy when he dropped him off at school? Bison. 2025-11-30 12:45:01.727244
Data tallennettu: Why do crabs never give to charity? Because they’re shellfish. 2025-11-30 13:00:02.614817
Data tallennettu: Why did the programmer's wife leave him? He didn't know how to commit. 2025-11-30 13:15:02.561783
Data tallennettu: How do you find Will Smith in the snow? Look for fresh prints. 2025-11-30 13:30:02.343857
Data tallennettu: Did you hear about the hungry clock? It went back four seconds. 2025-11-30 13:45:02.088975
Data tallennettu: Why don't skeletons fight each other? They don't have the guts. 2025-11-30 14:00:01.860313
Data tallennettu: Why did the programmer always mix up Halloween and Christmas? Because Oct 31 equals Dec 25. 2025-11-30 14:15:03.066907
Data tallennettu: What's the best thing about Switzerland? I don't know, but their flag is a big plus. 2025-11-30 14:30:02.332463
Data tallennettu: what do you call a dog that can do magic tricks? a labracadabrador 2025-11-30 14:45:02.068408
Data tallennettu: Why did the mushroom get invited to the party? Because he was a fungi. 2025-11-30 15:00:02.321181
Data tallennettu: What's the difference between a hippo and a zippo? One is really heavy, the other is a little lighter. 2025-11-30 15:15:02.071092
Data tallennettu: Why are graveyards so noisy? Because of all the coffin. 2025-11-30 15:30:01.826721
Data tallennettu: Did you hear about the Mexican train killer? He had loco motives 2025-11-30 15:45:02.577222
Data tallennettu: Why are mummys scared of vacation? They're afraid to unwind. 2025-11-30 16:00:02.348455
Data tallennettu: Why don't React developers like nature? They prefer the virtual DOM. 2025-11-30 16:15:02.703855
Data tallennettu: Why do trees seem suspicious on sunny days? Dunno, they're just a bit shady. 2025-11-30 16:30:02.536168
Data tallennettu: What do you call someone with no nose? Nobody knows. 2025-11-30 16:45:02.300153
Data tallennettu: What do you call an alligator in a vest? An in-vest-igator! 2025-11-30 17:00:02.097477
Data tallennettu: What musical instrument is found in the bathroom? A tuba toothpaste. 2025-11-30 17:15:02.315977
Data tallennettu: What kind of dog lives in a particle accelerator? A Fermilabrador Retriever. 2025-11-30 17:30:02.067835
Data tallennettu: What kind of music do welders like? Heavy metal. 2025-11-30 17:45:01.833527
Data tallennettu: What do you do on a remote island? Try and find the TV island it belongs to. 2025-11-30 18:00:02.579089
Traceback (most recent call last):
  File "/home/ubuntu/Linux-Administration/venv/lib/python3.12/site-packages/mysql/connector/connection_cext.py", line 772, in cmd_query
    self._cmysql.query(
_mysql_connector.MySQLInterfaceError: Data too long for column 'setup' at row 1

The above exception was the direct cause of the following exception:

Traceback (most recent call last):
  File "/home/ubuntu/Linux-Administration/cron/fetch_joke.py", line 21, in <module>
    cursor.execute('INSERT INTO jokes_data (setup, punchline, timestamp) VALUES (%s, %s, %s)', (setup, punchline, timestamp))
  File "/home/ubuntu/Linux-Administration/venv/lib/python3.12/site-packages/mysql/connector/cursor_cext.py", line 353, in execute
    self._connection.cmd_query(
  File "/home/ubuntu/Linux-Administration/venv/lib/python3.12/site-packages/mysql/connector/opentelemetry/context_propagation.py", line 97, in wrapper
    return method(cnx, *args, **kwargs)
           ^^^^^^^^^^^^^^^^^^^^^^^^^^^^
  File "/home/ubuntu/Linux-Administration/venv/lib/python3.12/site-packages/mysql/connector/connection_cext.py", line 781, in cmd_query
    raise get_mysql_exception(
mysql.connector.errors.DataError: 1406 (22001): Data too long for column 'setup' at row 1
Data tallennettu: What did the Zen Buddist say to the hotdog vendor? Make me one with everything. 2025-11-30 18:30:02.032254
Data tallennettu: How come the stadium got hot after the game? Because all of the fans left. 2025-11-30 18:45:02.253931
Data tallennettu: I was gonna tell you a joke about UDP... ...but you might not get it. 2025-11-30 19:00:02.023027
Data tallennettu: When is a door not a door? When it's ajar. 2025-11-30 19:15:01.804855
Data tallennettu: What goes after USA? USB. 2025-11-30 19:30:02.827483
Data tallennettu: Hey, dad, did you get a haircut? No, I got them all cut. 2025-11-30 19:45:02.250464
Data tallennettu: While I was sleeping my friends decided to write math equations on me. You should have seen the expression on my face when I woke up. 2025-11-30 20:00:02.508190
Data tallennettu: What did the traffic light say to the car as it passed? Don't look I'm changing! 2025-11-30 20:15:03.131857
Data tallennettu: Why does it take longer to get from 1st to 2nd base, than it does to get from 2nd to 3rd base? Because there’s a Shortstop in between! 2025-11-30 20:30:02.040477
Data tallennettu: Why did the man run around his bed? Because he was trying to catch up on his sleep! 2025-11-30 20:45:01.917097
Data tallennettu: Why did the Clydesdale give the pony a glass of water? Because he was a little horse 2025-11-30 21:00:02.756489
Data tallennettu: What’s brown and sounds like a bell? Dung! 2025-11-30 21:15:03.221855
Data tallennettu: What do ghosts call their true love? Their ghoul-friend 2025-11-30 21:30:02.316900
Data tallennettu: What do you call a dictionary on drugs? High definition. 2025-11-30 21:45:02.189174
Data tallennettu: What is the difference between ignorance and apathy? I don't know and I don't care. 2025-11-30 22:00:01.984025
Data tallennettu: Knock knock. 
 Who's there? 
 Cows go. 
 Cows go who? No, cows go moo. 2025-11-30 22:15:01.754587
Data tallennettu: What does a clock do when it's hungry? It goes back four seconds! 2025-11-30 22:30:02.681063
Data tallennettu: Did you hear about the runner who was criticized? He just took it in stride 2025-11-30 22:45:02.202473
Data tallennettu: How many React developers does it take to change a lightbulb? None, they prefer dark mode. 2025-11-30 23:00:02.132321
Data tallennettu: Did you hear about the new restaurant on the moon? The food is great, but there’s just no atmosphere. 2025-11-30 23:15:02.176018
Data tallennettu: Why do pirates not know the alphabet? They always get stuck at "C". 2025-11-30 23:30:02.090430
Data tallennettu: There are 10 types of people in this world... Those who understand binary and those who don't 2025-11-30 23:45:02.749960
Data tallennettu: Why did the rooster cross the road? He heard that the chickens at KFC were pretty hot. 2025-12-01 00:00:02.629231
Data tallennettu: What are the strongest days of the week? Saturday and Sunday...the rest are weekdays. 2025-12-01 00:15:02.232221
Data tallennettu: Why are skeletons so calm? Because nothing gets under their skin. 2025-12-01 00:30:02.175219
Traceback (most recent call last):
  File "/home/ubuntu/Linux-Administration/venv/lib/python3.12/site-packages/mysql/connector/connection_cext.py", line 772, in cmd_query
    self._cmysql.query(
_mysql_connector.MySQLInterfaceError: Data too long for column 'setup' at row 1

The above exception was the direct cause of the following exception:

Traceback (most recent call last):
  File "/home/ubuntu/Linux-Administration/cron/fetch_joke.py", line 21, in <module>
    cursor.execute('INSERT INTO jokes_data (setup, punchline, timestamp) VALUES (%s, %s, %s)', (setup, punchline, timestamp))
  File "/home/ubuntu/Linux-Administration/venv/lib/python3.12/site-packages/mysql/connector/cursor_cext.py", line 353, in execute
    self._connection.cmd_query(
  File "/home/ubuntu/Linux-Administration/venv/lib/python3.12/site-packages/mysql/connector/opentelemetry/context_propagation.py", line 97, in wrapper
    return method(cnx, *args, **kwargs)
           ^^^^^^^^^^^^^^^^^^^^^^^^^^^^
  File "/home/ubuntu/Linux-Administration/venv/lib/python3.12/site-packages/mysql/connector/connection_cext.py", line 781, in cmd_query
    raise get_mysql_exception(
mysql.connector.errors.DataError: 1406 (22001): Data too long for column 'setup' at row 1
Data tallennettu: What did the grape do when he got stepped on? He let out a little wine. 2025-12-01 01:00:03.340120
Data tallennettu: How did Darth Vader know what Luke was getting for Christmas? He felt his presents. 2025-12-01 01:15:02.673174
Data tallennettu: Did you hear about the guy whose whole left side was cut off? He's all right now. 2025-12-01 01:30:02.911045
Data tallennettu: What did the traffic light say to the car as it passed? Don't look I'm changing! 2025-12-01 01:45:03.169902
Data tallennettu: Why do birds fly south for the winter? Because it's too far to walk. 2025-12-01 02:00:02.565402
Data tallennettu: There are 10 types of people in this world... Those who understand binary and those who don't 2025-12-01 02:15:02.788992
Data tallennettu: Why did the girl smear peanut butter on the road? To go with the traffic jam. 2025-12-01 02:30:03.040945
Data tallennettu: What is the most used language in programming? Profanity. 2025-12-01 02:45:02.505094
Data tallennettu: Why do valley girls hang out in odd numbered groups? Because they can't even. 2025-12-01 03:00:03.536165
Data tallennettu: Why are mummys scared of vacation? They're afraid to unwind. 2025-12-01 03:15:01.801511
Data tallennettu: Knock knock. 
 Who's there? 
 Cows go. 
 Cows go who? No, cows go moo. 2025-12-01 03:30:01.781811
Data tallennettu: What do you call a crowd of chess players bragging about their wins in a hotel lobby? Chess nuts boasting in an open foyer. 2025-12-01 03:45:03.179369
Data tallennettu: What do you call a monkey in a mine field? A babooooom! 2025-12-01 04:00:01.908880
Data tallennettu: What do you give a sick lemon? Lemonaid. 2025-12-01 04:15:02.052090
Data tallennettu: Why did the butcher work extra hours at the shop? To make ends meat. 2025-12-01 04:30:02.443951
Data tallennettu: Why does Norway have barcodes on their battleships? So when they get back to port, they can Scandinavian. 2025-12-01 04:45:02.382829
Data tallennettu: What are the strongest days of the week? Saturday and Sunday...the rest are weekdays. 2025-12-01 05:00:02.714888
Data tallennettu: Is there a hole in your shoe? No… Then how’d you get your foot in it? 2025-12-01 05:15:02.950557
Data tallennettu: Ever wondered why bees hum? It's because they don't know the words. 2025-12-01 05:30:01.716993
Data tallennettu: When is a door not a door? When it's ajar. 2025-12-01 05:45:02.961894
Data tallennettu: Never take advice from electrons. They are always negative. 2025-12-01 06:00:02.455465
Data tallennettu: How do you generate a random string? Put a Windows user in front of Vim and tell them to exit. 2025-12-01 06:15:02.187504
Data tallennettu: what do you call a dog that can do magic tricks? a labracadabrador 2025-12-01 06:30:02.098618
Data tallennettu: What do you call a crowd of chess players bragging about their wins in a hotel lobby? Chess nuts boasting in an open foyer. 2025-12-01 06:45:02.359943
Data tallennettu: Why didn’t the orange win the race? It ran out of juice. 2025-12-01 07:00:02.599849
Data tallennettu: Did you hear about the runner who was criticized? He just took it in stride 2025-12-01 07:15:02.349801
Data tallennettu: What do ghosts call their true love? Their ghoul-friend 2025-12-01 07:30:02.742867
Data tallennettu: What did the router say to the doctor? It hurts when IP. 2025-12-01 07:45:02.760606
Data tallennettu: What's the best time to go to the dentist? Tooth hurty. 2025-12-01 08:00:02.974781
Data tallennettu: How does a dyslexic poet write? Inverse. 2025-12-01 08:15:01.713972
Data tallennettu: The punchline often arrives before the set-up. Do you know the problem with UDP jokes? 2025-12-01 08:30:02.752374
Data tallennettu: Why did the rooster cross the road? He heard that the chickens at KFC were pretty hot. 2025-12-01 08:45:02.962525
Data tallennettu: How do you make the number one disappear? Add the letter G and it’s “gone”! 2025-12-01 09:00:01.743408
Data tallennettu: Why didn’t the orange win the race? It ran out of juice. 2025-12-01 09:15:02.498097
Data tallennettu: What do you call a duck that gets all A's? A wise quacker. 2025-12-01 09:30:02.302246
Data tallennettu: What do you call sad coffee? Despresso. 2025-12-01 09:45:02.097811
Data tallennettu: Why are fish easy to weigh? Because they have their own scales. 2025-12-01 10:00:01.872445
Data tallennettu: Where does Fonzie like to go for lunch? Chick-Fil-Eyyyyyyyy. 2025-12-01 10:15:02.632340
Data tallennettu: How much does a hipster weigh? An instagram. 2025-12-01 10:30:02.932583
Data tallennettu: Did you hear about the scientist who was lab partners with a pot of boiling water? He had a very esteemed colleague. 2025-12-01 10:45:01.918756
Data tallennettu: What was the pumpkin’s favorite sport? Squash. 2025-12-01 11:00:01.661852
Data tallennettu: How do hens stay fit? They always egg-cercise! 2025-12-01 11:15:02.498705
Data tallennettu: Why don't eggs tell jokes? Because they would crack each other up. 2025-12-01 11:30:02.428489
Data tallennettu: Hey, wanna hear a joke? Parsing HTML with regex. 2025-12-01 11:45:02.194951
Data tallennettu: Why dot net developers don't wear glasses? Because they see sharp. 2025-12-01 12:00:01.955936
Data tallennettu: Have you ever heard of a music group called Cellophane? They mostly wrap. 2025-12-01 12:15:01.681611
Data tallennettu: What's the best thing about elevator jokes? They work on so many levels. 2025-12-01 12:30:02.989578
Data tallennettu: Can February march? No, but April may. 2025-12-01 12:45:01.739227
Data tallennettu: did you know the first French fries weren't cooked in France? they were cooked in Greece 2025-12-01 13:00:02.467879
Data tallennettu: Why did the mushroom get invited to the party? Because he was a fungi. 2025-12-01 13:15:02.242583
Data tallennettu: Why does a chicken coop only have two doors? Because if it had four doors it would be a chicken sedan. 2025-12-01 13:30:01.985140
Data tallennettu: What did the late tomato say to the early tomato? I’ll ketch up 2025-12-01 13:45:01.725928
Data tallennettu: What kind of bagel can fly? A plain bagel. 2025-12-01 14:00:02.551362
Data tallennettu: Did you know that protons have mass? I didn't even know they were catholic. 2025-12-01 14:15:02.357690
Data tallennettu: Why can't you use "Beef stew"as a password? Because it's not stroganoff. 2025-12-01 14:30:02.693706
Data tallennettu: How much does a hipster weigh? An instagram. 2025-12-01 14:45:02.504697
Data tallennettu: Why did the half blind man fall in the well? Because he couldn't see that well! 2025-12-01 15:00:02.267327
Data tallennettu: 99.9% of the people are dumb! Fortunately I belong to the remaining 1% 2025-12-01 15:15:02.214338
Data tallennettu: What did the grape do when he got stepped on? He let out a little wine. 2025-12-01 15:30:02.068603
Data tallennettu: Where do you learn to make banana splits? At sundae school. 2025-12-01 15:45:01.865923
Data tallennettu: How do you fix a damaged jack-o-lantern? You use a pumpkin patch. 2025-12-01 16:00:02.622280
Data tallennettu: Why did the programmer quit their job? They didn't get arrays. 2025-12-01 16:15:02.455608
Data tallennettu: What do you call a suspicious looking laptop? Asus 2025-12-01 16:30:02.232549
Data tallennettu: Why did the coffee file a police report? It got mugged. 2025-12-01 16:45:02.474448
Data tallennettu: Why did the coffee file a police report? It got mugged. 2025-12-01 17:00:02.295930
Data tallennettu: While I was sleeping my friends decided to write math equations on me. You should have seen the expression on my face when I woke up. 2025-12-01 17:15:02.124412
Data tallennettu: What’s Forest Gump’s Facebook password? 1forest1 2025-12-01 17:30:02.008026
Data tallennettu: Why did the programmer go broke? He used up all his cache 2025-12-01 17:45:01.739424
Data tallennettu: Why did the functions stop calling each other? Because they had constant arguments. 2025-12-01 18:00:03.004231
Data tallennettu: What do I look like? A JOKE MACHINE!? 2025-12-01 18:15:02.258504
Data tallennettu: How are false teeth like stars? They come out at night! 2025-12-01 18:30:02.097685
Data tallennettu: What do elves post on Social Media? Elf-ies. 2025-12-01 18:45:02.364555
Data tallennettu: Did you hear that David lost his ID in prague? Now we just have to call him Dav. 2025-12-01 19:00:02.123822
Data tallennettu: Did you hear about the kidnapping at school? It's ok, he woke up. 2025-12-01 19:15:02.057019
Data tallennettu: What do you call a fly without wings? A walk. 2025-12-01 19:30:02.015487
Data tallennettu: Why did the scarecrow win an award? Because he was outstanding in his field. 2025-12-01 19:45:02.621885
Data tallennettu: How does a scientist freshen their breath? With experi-mints! 2025-12-01 20:00:02.496131
Data tallennettu: Why did the programmer quit their job? They didn't get arrays. 2025-12-01 20:15:02.225717
Data tallennettu: Is there a hole in your shoe? No… Then how’d you get your foot in it? 2025-12-01 20:30:01.988198
Data tallennettu: How come a man driving a train got struck by lightning? He was a good conductor. 2025-12-01 20:45:01.875339
Data tallennettu: How many seconds are in a year? 12. January 2nd, February 2nd, March 2nd, April 2nd.... etc 2025-12-01 21:00:02.688011
Data tallennettu: How was the snow globe feeling after the storm? A little shaken. 2025-12-01 21:15:02.465827
Data tallennettu: What did Michael Jackson name his denim store? Billy Jeans! 2025-12-01 21:30:02.632774
Data tallennettu: Why does a chicken coop only have two doors? Because if it had four doors it would be a chicken sedan. 2025-12-01 21:45:02.363178
Data tallennettu: Did you hear about the hungry clock? It went back four seconds. 2025-12-01 22:00:02.325235
Data tallennettu: Why are “Dad Jokes” so good? Because the punchline is apparent. 2025-12-01 22:15:02.955239
Data tallennettu: What's blue and not very heavy? Light blue. 2025-12-01 22:30:02.052517
Data tallennettu: Where did the API go to eat? To the RESTaurant. 2025-12-01 22:45:01.792365
Data tallennettu: Why did the opera singer go sailing? They wanted to hit the high Cs. 2025-12-01 23:00:03.134224
Data tallennettu: Why did the scarecrow win an award? Because he was outstanding in his field. 2025-12-01 23:15:02.976879
Data tallennettu: What did the ocean say to the shore? Nothing, it just waved. 2025-12-01 23:30:02.699544
Data tallennettu: What kind of tree fits in your hand? A palm tree! 2025-12-01 23:45:03.299108
Data tallennettu: Why did the math book look sad? Because it had too many problems. 2025-12-02 00:00:03.455716
Data tallennettu: To understand what recursion is... You must first understand what recursion is 2025-12-02 00:15:02.721256
Data tallennettu: How do you comfort a designer? You give them some space... between the elements. 2025-12-02 00:30:03.193104
Data tallennettu: What do you give a sick lemon? Lemonaid. 2025-12-02 00:45:01.993926
Data tallennettu: What do you call a fat psychic? A four-chin teller. 2025-12-02 01:00:01.857978
Data tallennettu: What does a clock do when it's hungry? It goes back four seconds! 2025-12-02 01:15:03.224867
Data tallennettu: Why did the golfer bring two pairs of pants? In case he got a hole in one. 2025-12-02 01:30:02.128149
Data tallennettu: What do you call a crowd of chess players bragging about their wins in a hotel lobby? Chess nuts boasting in an open foyer. 2025-12-02 01:45:02.263916
Data tallennettu: Why didn't the number 4 get into the nightclub? Because he is 2 square. 2025-12-02 02:00:03.098927
Data tallennettu: What did the traffic light say to the car as it passed? Don't look I'm changing! 2025-12-02 02:15:01.820360
Data tallennettu: How many React developers does it take to change a lightbulb? None, they prefer dark mode. 2025-12-02 02:30:03.169409
Data tallennettu: How many programmers does it take to change a lightbulb? None that's a hardware problem 2025-12-02 02:45:02.389577
Data tallennettu: What did the shy pebble wish for? That she was a little boulder. 2025-12-02 03:00:02.112903
Data tallennettu: Did you hear about the chameleon who couldn't change color? They had a reptile dysfunction. 2025-12-02 03:15:02.481093
Data tallennettu: What kind of bagel can fly? A plain bagel. 2025-12-02 03:30:02.784284
Data tallennettu: What do you call a laughing motorcycle? A Yamahahahaha. 2025-12-02 03:45:02.477641
Data tallennettu: Why did the chicken get a penalty? For fowl play. 2025-12-02 04:00:02.760735
Data tallennettu: Why do crabs never give to charity? Because they’re shellfish. 2025-12-02 04:15:02.514224
Data tallennettu: What do you get when you cross a React developer with a mathematician? A function component. 2025-12-02 04:30:02.462506
Data tallennettu: What is a witch's favorite subject in school? Spelling! 2025-12-02 04:45:02.206240
Data tallennettu: Did you hear the news? FedEx and UPS are merging. They’re going to go by the name Fed-Up from now on. 2025-12-02 05:00:02.567755
Data tallennettu: Why can't your nose be 12 inches long? Because then it'd be a foot! 2025-12-02 05:15:02.496383
Data tallennettu: What cheese can never be yours? Nacho cheese. 2025-12-02 05:30:02.877849
Data tallennettu: Why did the private classes break up? Because they never saw each other. 2025-12-02 05:45:02.842561
Data tallennettu: What did the Buffalo say to his little boy when he dropped him off at school? Bison. 2025-12-02 06:00:02.597034
Data tallennettu: Is there a hole in your shoe? No… Then how’d you get your foot in it? 2025-12-02 06:15:02.818047
Data tallennettu: Why are mummys scared of vacation? They're afraid to unwind. 2025-12-02 06:30:02.268390
Data tallennettu: Why would a guitarist become a good programmer? He's adept at riffing in C#. 2025-12-02 06:45:02.432184
Data tallennettu: Did you hear about the chameleon who couldn't change color? They had a reptile dysfunction. 2025-12-02 07:00:02.691889
Data tallennettu: What do you call a singing Laptop? A Dell 2025-12-02 07:15:03.246251
Data tallennettu: Why did the designer break up with their font? Because it wasn't their type. 2025-12-02 07:30:02.055230
Data tallennettu: Knock knock. 
 Who's there? 
 Cows go. 
 Cows go who? No, cows go moo. 2025-12-02 07:45:01.888579
Data tallennettu: What did the late tomato say to the early tomato? I’ll ketch up 2025-12-02 08:00:02.659044
Data tallennettu: What do prisoners use to call each other? Cell phones. 2025-12-02 08:15:02.235798
Data tallennettu: What do you call a computer mouse that swears a lot? A cursor! 2025-12-02 08:30:02.027801
Data tallennettu: What do you call a group of killer whales playing instruments? An Orca-stra. 2025-12-02 08:45:02.234285
Data tallennettu: Why was Cinderalla thrown out of the football team? Because she ran away from the ball. 2025-12-02 09:00:02.466640
Data tallennettu: How was the snow globe feeling after the storm? A little shaken. 2025-12-02 09:15:02.731595
Data tallennettu: Is the pool safe for diving? It deep ends. 2025-12-02 09:30:03.059629
Data tallennettu: What kind of shoes does a thief wear? Sneakers 2025-12-02 09:45:02.339394
Data tallennettu: What do you do on a remote island? Try and find the TV island it belongs to. 2025-12-02 10:00:02.057309
Data tallennettu: What kind of tree fits in your hand? A palm tree! 2025-12-02 10:15:02.273514
Data tallennettu: What did the Buffalo say to his little boy when he dropped him off at school? Bison. 2025-12-02 10:30:02.050106
Data tallennettu: Why is seven bigger than nine? Because seven ate nine. 2025-12-02 10:45:01.786681
Data tallennettu: How do hens stay fit? They always egg-cercise! 2025-12-02 11:00:02.632930
Data tallennettu: What do you call a crowd of chess players bragging about their wins in a hotel lobby? Chess nuts boasting in an open foyer. 2025-12-02 11:15:01.690456
Data tallennettu: Did you hear that the police have a warrant out on a midget psychic ripping people off? It reads "Small medium at large." 2025-12-02 11:30:03.104280
Data tallennettu: Why did the scarecrow win an award? Because he was outstanding in his field. 2025-12-02 11:45:01.951203
Data tallennettu: Why did the barber win the race? He took a short cut. 2025-12-02 12:00:01.740961
Data tallennettu: How do you comfort a designer? You give them some space... between the elements. 2025-12-02 12:15:02.484918
Data tallennettu: What has ears but cannot hear? A field of corn. 2025-12-02 12:30:02.771381
Data tallennettu: A ham sandwhich walks into a bar and orders a beer. The bartender says... I'm sorry, we don't serve food here 2025-12-02 12:45:02.493240
Data tallennettu: Which song would an exception sing? Can't catch me - Avicii 2025-12-02 13:00:02.263741
Data tallennettu: What do you call someone with no nose? Nobody knows. 2025-12-02 13:15:02.756570
Data tallennettu: Did you hear about the guy who invented Lifesavers? They say he made a mint. 2025-12-02 13:30:02.483361
Data tallennettu: What is the hardest part about sky diving? The ground. 2025-12-02 13:45:02.239794
Data tallennettu: Why are fish so smart? Because they live in schools! 2025-12-02 14:00:02.051686
Data tallennettu: Due to complaints, Hawaii passed a law where you're not allowed to laugh above a certain decibel. You can only use a low ha. 2025-12-02 14:15:01.861492
Data tallennettu: Why did the rooster cross the road? He heard that the chickens at KFC were pretty hot. 2025-12-02 14:30:02.639411
Data tallennettu: Why did the butcher work extra hours at the shop? To make ends meat. 2025-12-02 14:45:02.910296
Data tallennettu: A user interface is like a joke. If you have to explain it then it is not that good. 2025-12-02 15:00:02.678103
Data tallennettu: How good are you at Power Point? I Excel at it. 2025-12-02 15:15:02.417301
Data tallennettu: What do you call a bear with no teeth? A gummy bear! 2025-12-02 15:30:02.173794
Data tallennettu: Where do hamburgers go to dance? The meat-ball. 2025-12-02 15:45:01.926208
Data tallennettu: How do you find Will Smith in the snow? Look for fresh prints. 2025-12-02 16:00:02.739001
Data tallennettu: How does a dyslexic poet write? Inverse. 2025-12-02 16:15:02.576918
Data tallennettu: Where do hamburgers go to dance? The meat-ball. 2025-12-02 16:30:02.843836
Data tallennettu: What do you do on a remote island? Try and find the TV island it belongs to. 2025-12-02 16:45:01.780779
Data tallennettu: What do you get hanging from Apple trees? Sore arms. 2025-12-02 17:00:02.528045
Data tallennettu: How many programmers does it take to change a lightbulb? None that's a hardware problem 2025-12-02 17:15:02.411879
Data tallennettu: What kind of shoes does a thief wear? Sneakers 2025-12-02 17:30:02.228680
Data tallennettu: Never take advice from electrons. They are always negative. 2025-12-02 17:45:02.145490
Data tallennettu: Why did the kid cross the playground? To get to the other slide. 2025-12-02 18:00:02.158485
Data tallennettu: What do you call a girl between two posts? Annette. 2025-12-02 18:15:01.889692
Data tallennettu: What do you call sad coffee? Despresso. 2025-12-02 18:30:01.703227
Data tallennettu: Why do scuba divers fall backwards into the water? Because if they fell forwards they’d still be in the boat. 2025-12-02 18:45:03.240737
Data tallennettu: What do you call sad coffee? Despresso. 2025-12-02 19:00:01.997709
Data tallennettu: What's the difference between a hippo and a zippo? One is really heavy, the other is a little lighter. 2025-12-02 19:15:02.953733
Data tallennettu: How many apples grow on a tree? All of them! 2025-12-02 19:30:02.809305
Traceback (most recent call last):
  File "/home/ubuntu/Linux-Administration/venv/lib/python3.12/site-packages/mysql/connector/connection_cext.py", line 772, in cmd_query
    self._cmysql.query(
_mysql_connector.MySQLInterfaceError: Data too long for column 'setup' at row 1

The above exception was the direct cause of the following exception:

Traceback (most recent call last):
  File "/home/ubuntu/Linux-Administration/cron/fetch_joke.py", line 21, in <module>
    cursor.execute('INSERT INTO jokes_data (setup, punchline, timestamp) VALUES (%s, %s, %s)', (setup, punchline, timestamp))
  File "/home/ubuntu/Linux-Administration/venv/lib/python3.12/site-packages/mysql/connector/cursor_cext.py", line 353, in execute
    self._connection.cmd_query(
  File "/home/ubuntu/Linux-Administration/venv/lib/python3.12/site-packages/mysql/connector/opentelemetry/context_propagation.py", line 97, in wrapper
    return method(cnx, *args, **kwargs)
           ^^^^^^^^^^^^^^^^^^^^^^^^^^^^
  File "/home/ubuntu/Linux-Administration/venv/lib/python3.12/site-packages/mysql/connector/connection_cext.py", line 781, in cmd_query
    raise get_mysql_exception(
mysql.connector.errors.DataError: 1406 (22001): Data too long for column 'setup' at row 1
Data tallennettu: What is this movie about? It is about 2 hours long. 2025-12-02 20:00:01.908143
Data tallennettu: How do you generate a random string? Put a Windows user in front of Vim and tell them to exit. 2025-12-02 20:15:01.867683
Data tallennettu: Did you hear about the chameleon who couldn't change color? They had a reptile dysfunction. 2025-12-02 20:30:02.629580
Data tallennettu: What's the worst thing about ancient history class? The teachers tend to Babylon. 2025-12-02 20:45:02.979313
Data tallennettu: What do you give to a lemon in need? Lemonaid. 2025-12-02 21:00:02.317557
Data tallennettu: Where do young cows eat lunch? In the calf-ateria. 2025-12-02 21:15:03.094256
Data tallennettu: 99.9% of the people are dumb! Fortunately I belong to the remaining 1% 2025-12-02 21:30:02.384368
Data tallennettu: A SQL query walks into a bar, walks up to two tables and asks... 'Can I join you?' 2025-12-02 21:45:02.300330
Data tallennettu: I couldn't get a reservation at the library... They were fully booked. 2025-12-02 22:00:02.435626
Data tallennettu: How do you find Will Smith in the snow? Look for fresh prints. 2025-12-02 22:15:03.023282
Data tallennettu: Did you hear about the runner who was criticized? He just took it in stride 2025-12-02 22:30:01.839346
Data tallennettu: Why did the coffee file a police report? It got mugged. 2025-12-02 22:45:02.582201
Data tallennettu: How do you make the number one disappear? Add the letter G and it’s “gone”! 2025-12-02 23:00:02.582542
Data tallennettu: Have you heard the rumor going around about butter? Never mind, I shouldn't spread it. 2025-12-02 23:15:02.251847
Data tallennettu: While I was sleeping my friends decided to write math equations on me. You should have seen the expression on my face when I woke up. 2025-12-02 23:30:02.124393
Data tallennettu: Why are “Dad Jokes” so good? Because the punchline is apparent. 2025-12-02 23:45:02.129415
Data tallennettu: What are the strongest days of the week? Saturday and Sunday...the rest are weekdays. 2025-12-03 00:00:02.184274
Data tallennettu: What do you call a thieving alligator? A crookodile! 2025-12-03 00:15:01.964437
Data tallennettu: Why don't programmers like nature? There's too many bugs. 2025-12-03 00:30:01.710219
Data tallennettu: What creature is smarter than a talking parrot? A spelling bee. 2025-12-03 00:45:02.956172
Data tallennettu: Why do pumpkins sit on people’s porches? They have no hands to knock on the door. 2025-12-03 01:00:02.664162
Data tallennettu: What did the fish say when it swam into a wall? Damn! 2025-12-03 01:15:01.937690
Data tallennettu: Why did the programmer's wife leave him? He didn't know how to commit. 2025-12-03 01:30:02.303324
Data tallennettu: Where do programmers like to hangout? The Foo Bar. 2025-12-03 01:45:02.317368
Data tallennettu: Dad, can you put my shoes on? I don't think they'll fit me. 2025-12-03 02:00:02.248928
Data tallennettu: Why do choirs keep buckets handy? So they can carry their tune 2025-12-03 02:15:02.484297
Data tallennettu: Where do you learn to make banana splits? At sundae school. 2025-12-03 02:30:02.738523
Data tallennettu: Why did the burglar hang his mugshot on the wall? To prove that he was framed! 2025-12-03 02:45:02.608271
Data tallennettu: A grocery store cashier asked if I would like my milk in a bag. I told her 'No, thanks. The carton works fine.' 2025-12-03 03:00:03.207616
Data tallennettu: A ham sandwhich walks into a bar and orders a beer. The bartender says... I'm sorry, we don't serve food here 2025-12-03 03:15:03.128794
Data tallennettu: How many apples grow on a tree? All of them! 2025-12-03 03:30:02.002649
Data tallennettu: How do you make holy water? You boil the hell out of it 2025-12-03 03:45:02.620582
Data tallennettu: How do you organize a space party? You planet. 2025-12-03 04:00:03.087507
Data tallennettu: What do you call a laughing motorcycle? A Yamahahahaha. 2025-12-03 04:15:02.577975
Data tallennettu: Why don't you find hippopotamuses hiding in trees? They're really good at it. 2025-12-03 04:30:02.885580
Data tallennettu: What do vegetarian zombies eat? Grrrrrainnnnnssss. 2025-12-03 04:45:02.620617
Data tallennettu: Why did the programmer bring a ladder to work? They heard the code needed to be debugged from a higher level. 2025-12-03 05:00:02.505859
Data tallennettu: When is a door not a door? When it's ajar. 2025-12-03 05:15:02.927167
Data tallennettu: How do the trees get on the internet? They log on. 2025-12-03 05:30:01.743743
Data tallennettu: Why do wizards clean their teeth three times a day? To prevent bat breath! 2025-12-03 05:45:02.724571
Data tallennettu: How many apples grow on a tree? All of them! 2025-12-03 06:00:02.605666
Data tallennettu: Why did the programmer quit their job? They didn't get arrays. 2025-12-03 06:15:02.465453
Data tallennettu: What kind of music do planets listen to? Nep-tunes. 2025-12-03 06:30:03.216276
Data tallennettu: Did you hear about the guy whose whole left side was cut off? He's all right now. 2025-12-03 06:45:02.616186
Data tallennettu: Why are oranges the smartest fruit? Because they are made to concentrate.  2025-12-03 07:00:02.378480
Data tallennettu: What do you call a dictionary on drugs? High definition. 2025-12-03 07:15:02.622730
Data tallennettu: What do you call a bee that can't make up its mind? A maybe. 2025-12-03 07:30:02.881593
Data tallennettu: Want to hear my pizza joke? Never mind, it's too cheesy. 2025-12-03 07:45:02.636334
Data tallennettu: Why do ducks make great detectives? They always quack the case. 2025-12-03 08:00:02.415594
Data tallennettu: Why was the JavaScript developer sad? He didn't know how to null his feelings. 2025-12-03 08:15:02.194588
Data tallennettu: What do you call a dictionary on drugs? High definition. 2025-12-03 08:30:01.994473
Data tallennettu: Why don't oysters give to charity? Because they're shellfish. 2025-12-03 08:45:02.310979
Data tallennettu: Why did the tomato blush? Because it saw the salad dressing. 2025-12-03 09:00:02.148909
Data tallennettu: Where do sheep go to get their hair cut? The baa-baa shop. 2025-12-03 09:15:01.930356
Data tallennettu: A programmer puts two glasses on his bedside table before going to sleep. A full one, in case he gets thirsty, and an empty one, in case he doesn’t. 2025-12-03 09:30:02.185641
Data tallennettu: What do you call a careful wolf? Aware wolf. 2025-12-03 09:45:01.994348
Data tallennettu: What kind of tree fits in your hand? A palm tree! 2025-12-03 10:00:01.797823
Data tallennettu: Why did the man put his money in the freezer? He wanted cold hard cash! 2025-12-03 10:15:03.140473
Data tallennettu: What musical instrument is found in the bathroom? A tuba toothpaste. 2025-12-03 10:30:01.921456
Data tallennettu: A SQL query walks into a bar, walks up to two tables and asks... 'Can I join you?' 2025-12-03 10:45:02.651585
Data tallennettu: Why couldn't the kid see the pirate movie? Because it was rated arrr! 2025-12-03 11:00:02.384078
Data tallennettu: Knock knock. 
 Who's there? 
 Cows go. 
 Cows go who? No, cows go moo. 2025-12-03 11:15:02.189376
Data tallennettu: What do you call a cow with two legs? Lean beef. 2025-12-03 11:30:01.966722
Data tallennettu: Why was the developer always calm? Because they knew how to handle exceptions. 2025-12-03 11:45:01.690625
Data tallennettu: Why do programmers always get Christmas and Halloween mixed up? Because DEC 25 = OCT 31 2025-12-03 12:00:02.427601
Data tallennettu: How do you check if a webpage is HTML5? Try it out on Internet Explorer 2025-12-03 12:15:02.209729
Data tallennettu: Why did the invisible man turn down the job offer? He couldn't see himself doing it 2025-12-03 12:30:01.947494
Data tallennettu: What did one nut say as he chased another nut? I'm a cashew! 2025-12-03 12:45:01.669150
Data tallennettu: Why does a chicken coop only have two doors? Because if it had four doors it would be a chicken sedan. 2025-12-03 13:00:02.928359
Data tallennettu: What do you call an elephant that doesn’t matter? An irrelephant. 2025-12-03 13:15:02.674768
Data tallennettu: Why did the house go to the doctor? It was having window panes. 2025-12-03 13:30:02.993759
Data tallennettu: A grocery store cashier asked if I would like my milk in a bag. I told her 'No, thanks. The carton works fine.' 2025-12-03 13:45:01.851285
Data tallennettu: Due to complaints, Hawaii passed a law where you're not allowed to laugh above a certain decibel. You can only use a low ha. 2025-12-03 14:00:02.679896
Data tallennettu: Why are mummys scared of vacation? They're afraid to unwind. 2025-12-03 14:15:02.942954
Data tallennettu: Knock knock. 
 Who's there? 
 Little old lady. 
 Little old lady who? I didn't know you could yodel! 2025-12-03 14:30:01.711815
Data tallennettu: What do prisoners use to call each other? Cell phones. 2025-12-03 14:45:02.558985
Data tallennettu: Did you hear about the cheese factory that exploded in France? There was nothing left but de Brie. 2025-12-03 15:00:02.321525
Data tallennettu: Did you hear about the Mexican train killer? He had loco motives 2025-12-03 15:15:02.131053
Data tallennettu: How many hipsters does it take to change a lightbulb? Oh, it's a really obscure number. You've probably never heard of it. 2025-12-03 15:30:01.884843
Data tallennettu: What did the Buffalo say to his little boy when he dropped him off at school? Bison. 2025-12-03 15:45:02.628588
Data tallennettu: What is the tallest building in the world? The library, it’s got the most stories! 2025-12-03 16:00:02.380078
Data tallennettu: Why did the cookie cry? Because his mother was a wafer so long 2025-12-03 16:15:02.106831
Data tallennettu: Why did the functions stop calling each other? Because they had constant arguments. 2025-12-03 16:30:01.863258
Data tallennettu: What is a vampire's favorite fruit? A blood orange. 2025-12-03 16:45:02.681355
Data tallennettu: What's the best thing about elevator jokes? They work on so many levels. 2025-12-03 17:00:02.584709
Data tallennettu: What do you call cheese by itself? Provolone. 2025-12-03 17:15:02.991749
Data tallennettu: What's a computer's favorite snack? Microchips. 2025-12-03 17:30:01.766564
Data tallennettu: How do you fix a damaged jack-o-lantern? You use a pumpkin patch. 2025-12-03 17:45:02.514186
Data tallennettu: Why do fathers take an extra pair of socks when they go golfing? In case they get a hole in one! 2025-12-03 18:00:02.308014
Data tallennettu: How many bones are in the human hand? A handful of them. 2025-12-03 18:15:01.908503
Data tallennettu: How does a dyslexic poet write? Inverse. 2025-12-03 18:30:03.212671
Data tallennettu: How do you generate a random string? Put a Windows user in front of Vim and tell them to exit. 2025-12-03 18:45:02.489560
Data tallennettu: What is a vampire's favorite fruit? A blood orange. 2025-12-03 19:00:02.254767
Data tallennettu: Did you hear about the kidnapping at school? It's ok, he woke up. 2025-12-03 19:15:02.528671
Data tallennettu: Where does Fonzie like to go for lunch? Chick-Fil-Eyyyyyyyy. 2025-12-03 19:30:02.288632
Data tallennettu: What do you call a fly without wings? A walk. 2025-12-03 19:45:02.140528
Data tallennettu: How does a scientist freshen their breath? With experi-mints! 2025-12-03 20:00:02.398307
Data tallennettu: How much does a hipster weigh? An instagram. 2025-12-03 20:15:02.269848
Data tallennettu: Why did the belt go to prison? He held up a pair of pants! 2025-12-03 20:30:02.572917
Data tallennettu: Where’s the bin? I haven’t been anywhere! 2025-12-03 20:45:02.410281
Data tallennettu: Why did the tomato blush? Because it saw the salad dressing. 2025-12-03 21:00:02.659305
Data tallennettu: What do you call a cow on a trampoline? A milk shake! 2025-12-03 21:15:02.383037
Data tallennettu: What did one wall say to the other wall? I'll meet you at the corner! 2025-12-03 21:30:02.150650
Data tallennettu: What’s the advantage of living in Switzerland? Well, the flag is a big plus. 2025-12-03 21:45:01.900444
Data tallennettu: What’s the advantage of living in Switzerland? Well, the flag is a big plus. 2025-12-03 22:00:02.627070
Data tallennettu: What did the router say to the doctor? It hurts when IP. 2025-12-03 22:15:02.883411
Data tallennettu: I can't tell if i like this blender... It keeps giving me mixed results. 2025-12-03 22:30:01.737815
Data tallennettu: What did the Dorito farmer say to the other Dorito farmer? Cool Ranch! 2025-12-03 22:45:02.499261
Data tallennettu: What did the pirate say on his 80th birthday? Aye Matey! 2025-12-03 23:00:02.414438
Data tallennettu: Why did the cookie go to the doctor?  Because it was feeling crumbly. 2025-12-03 23:15:01.882034
Data tallennettu: How does a French skeleton say hello? Bone-jour. 2025-12-03 23:30:02.258090
Data tallennettu: What does a clock do when it's hungry? It goes back four seconds! 2025-12-03 23:45:02.394217
Data tallennettu: Why did the girl smear peanut butter on the road? To go with the traffic jam. 2025-12-04 00:00:02.759641
Data tallennettu: A user interface is like a joke. If you have to explain it then it is not that good. 2025-12-04 00:15:03.049252
Data tallennettu: What’s 50 Cent’s name in Zimbabwe? 200 Dollars. 2025-12-04 00:30:01.818011
Data tallennettu: Why do bees have sticky hair? Because they use honey combs! 2025-12-04 00:45:03.056441
Data tallennettu: Why are fish so smart? Because they live in schools! 2025-12-04 01:00:02.321768
Data tallennettu: What do I look like? A JOKE MACHINE!? 2025-12-04 01:15:02.297714
Traceback (most recent call last):
  File "/home/ubuntu/Linux-Administration/venv/lib/python3.12/site-packages/mysql/connector/connection_cext.py", line 772, in cmd_query
    self._cmysql.query(
_mysql_connector.MySQLInterfaceError: Data too long for column 'setup' at row 1

The above exception was the direct cause of the following exception:

Traceback (most recent call last):
  File "/home/ubuntu/Linux-Administration/cron/fetch_joke.py", line 21, in <module>
    cursor.execute('INSERT INTO jokes_data (setup, punchline, timestamp) VALUES (%s, %s, %s)', (setup, punchline, timestamp))
  File "/home/ubuntu/Linux-Administration/venv/lib/python3.12/site-packages/mysql/connector/cursor_cext.py", line 353, in execute
    self._connection.cmd_query(
  File "/home/ubuntu/Linux-Administration/venv/lib/python3.12/site-packages/mysql/connector/opentelemetry/context_propagation.py", line 97, in wrapper
    return method(cnx, *args, **kwargs)
           ^^^^^^^^^^^^^^^^^^^^^^^^^^^^
  File "/home/ubuntu/Linux-Administration/venv/lib/python3.12/site-packages/mysql/connector/connection_cext.py", line 781, in cmd_query
    raise get_mysql_exception(
mysql.connector.errors.DataError: 1406 (22001): Data too long for column 'setup' at row 1
Data tallennettu: Have you ever heard of a music group called Cellophane? They mostly wrap. 2025-12-04 01:45:02.026702
Data tallennettu: Knock knock. 
 Who's there? 
 Little old lady. 
 Little old lady who? I didn't know you could yodel! 2025-12-04 02:00:03.953287
Data tallennettu: What kind of music do welders like? Heavy metal. 2025-12-04 02:15:02.352558
Data tallennettu: How are false teeth like stars? They come out at night! 2025-12-04 02:30:02.180310
Data tallennettu: How do you tell the difference between a crocodile and an alligator? You will see one later and one in a while. 2025-12-04 02:45:02.441259
Data tallennettu: What did Romans use to cut pizza before the rolling cutter was invented? Lil Caesars 2025-12-04 03:00:02.741034
Data tallennettu: How do you make a hankie dance? Put a little boogie in it. 2025-12-04 03:15:02.961852
Data tallennettu: What's black and white and read all over? The newspaper. 2025-12-04 03:30:01.808150
Data tallennettu: What do you call a group of disorganized cats? A cat-tastrophe. 2025-12-04 03:45:03.217013
Data tallennettu: Why did the programmer quit his job? Because he didn't get arrays. 2025-12-04 04:00:01.964257
Data tallennettu: did you know the first French fries weren't cooked in France? they were cooked in Greece 2025-12-04 04:15:02.390870
Data tallennettu: Why did the programmer quit his job? Because he didn't get arrays. 2025-12-04 04:30:02.722476
Data tallennettu: Did you hear about the guy whose whole left side was cut off? He's all right now. 2025-12-04 04:45:03.077277
Data tallennettu: Why did the Clydesdale give the pony a glass of water? Because he was a little horse 2025-12-04 05:00:02.320392
Data tallennettu: Why is peter pan always flying? Because he neverlands 2025-12-04 05:15:02.573941
Data tallennettu: What do you call a monkey in a mine field? A babooooom! 2025-12-04 05:30:02.682171
Data tallennettu: What do you call a bee that can't make up its mind? A maybe. 2025-12-04 05:45:02.629038
Data tallennettu: Why couldn't the lifeguard save the hippie? He was too far out, man. 2025-12-04 06:00:01.781916
Data tallennettu: What did the ocean say to the shore? Nothing, it just waved. 2025-12-04 06:15:02.547032
Data tallennettu: I started a new business making yachts in my attic this year... The sails are going through the roof. 2025-12-04 06:30:03.139045
Data tallennettu: Where does batman go to the bathroom? The batroom. 2025-12-04 06:45:02.471818
Data tallennettu: How come a man driving a train got struck by lightning? He was a good conductor. 2025-12-04 07:00:02.760989
Data tallennettu: Why did the Clydesdale give the pony a glass of water? Because he was a little horse 2025-12-04 07:15:02.692586
Data tallennettu: How do you check if a webpage is HTML5? Try it out on Internet Explorer 2025-12-04 07:30:02.665628
Data tallennettu: What's the best thing about elevator jokes? They work on so many levels. 2025-12-04 07:45:02.419625
Data tallennettu: Why did the developer go to therapy? They had too many unresolved issues. 2025-12-04 08:00:02.231200
Data tallennettu: Why did the chicken get a penalty? For fowl play. 2025-12-04 08:15:02.544147
Data tallennettu: Did you hear about the Viking who was reincarnated? He was Bjorn again 2025-12-04 08:30:02.351049
Data tallennettu: How do the trees get on the internet? They log on. 2025-12-04 08:45:02.248675
Data tallennettu: Why was the font always tired? It was always bold. 2025-12-04 09:00:01.996672
Data tallennettu: What is a centipedes's favorite Beatle song? I want to hold your hand, hand, hand, hand... 2025-12-04 09:15:02.172358
Data tallennettu: Why did the belt go to prison? He held up a pair of pants! 2025-12-04 09:30:01.932485
Data tallennettu: Why are pirates called pirates? Because they arrr! 2025-12-04 09:45:02.666693
Data tallennettu: Two guys walk into a bar . . . The first guy says "Ouch!" and the second says "Yeah, I didn't see it either." 2025-12-04 10:00:02.907905
Data tallennettu: What's the object-oriented way to become wealthy? Inheritance 2025-12-04 10:15:02.622110
Data tallennettu: Why couldn't the bicycle stand up by itself? It was two-tired. 2025-12-04 10:30:02.393373
Data tallennettu: Where do programmers like to hangout? The Foo Bar. 2025-12-04 10:45:02.146083
Data tallennettu: What do you call a nervous javelin thrower? Shakespeare. 2025-12-04 11:00:02.306820
Data tallennettu: Why did Sweden start painting barcodes on the sides of their battleships? So they could Scandinavian. 2025-12-04 11:15:02.559609
Data tallennettu: How do you find Will Smith in the snow? Look for fresh prints. 2025-12-04 11:30:02.288889
Data tallennettu: What kind of dog lives in a particle accelerator? A Fermilabrador Retriever. 2025-12-04 11:45:02.519735
Data tallennettu: Where do hamburgers go to dance? The meat-ball. 2025-12-04 12:00:02.240246
Data tallennettu: How do you find Will Smith in the snow? Look for fresh prints. 2025-12-04 12:15:01.944103
Data tallennettu: Why don't programmers like nature? Too many bugs. 2025-12-04 12:30:01.776964
Data tallennettu: Did you know that protons have mass? I didn't even know they were catholic. 2025-12-04 12:45:02.516887
Traceback (most recent call last):
  File "/home/ubuntu/Linux-Administration/venv/lib/python3.12/site-packages/mysql/connector/connection_cext.py", line 772, in cmd_query
    self._cmysql.query(
_mysql_connector.MySQLInterfaceError: Data too long for column 'setup' at row 1

The above exception was the direct cause of the following exception:

Traceback (most recent call last):
  File "/home/ubuntu/Linux-Administration/cron/fetch_joke.py", line 21, in <module>
    cursor.execute('INSERT INTO jokes_data (setup, punchline, timestamp) VALUES (%s, %s, %s)', (setup, punchline, timestamp))
  File "/home/ubuntu/Linux-Administration/venv/lib/python3.12/site-packages/mysql/connector/cursor_cext.py", line 353, in execute
    self._connection.cmd_query(
  File "/home/ubuntu/Linux-Administration/venv/lib/python3.12/site-packages/mysql/connector/opentelemetry/context_propagation.py", line 97, in wrapper
    return method(cnx, *args, **kwargs)
           ^^^^^^^^^^^^^^^^^^^^^^^^^^^^
  File "/home/ubuntu/Linux-Administration/venv/lib/python3.12/site-packages/mysql/connector/connection_cext.py", line 781, in cmd_query
    raise get_mysql_exception(
mysql.connector.errors.DataError: 1406 (22001): Data too long for column 'setup' at row 1
Data tallennettu: What's the best time to go to the dentist? Tooth hurty. 2025-12-04 13:15:02.689504
Data tallennettu: Where do rabbits go after they get married? On a bunny-moon. 2025-12-04 13:30:02.475407
Data tallennettu: What is the leading cause of dry skin? Towels 2025-12-04 13:45:02.500845
Data tallennettu: Why don't oysters give to charity? Because they're shellfish. 2025-12-04 14:00:02.780200
Data tallennettu: What did the big flower say to the littler flower? Hi, bud! 2025-12-04 14:15:02.576050
Data tallennettu: Why did the chicken cross the playground? To get to the other slide. 2025-12-04 14:30:02.317913
Data tallennettu: What do you call a belt made out of watches? A waist of time. 2025-12-04 14:45:02.067210
Data tallennettu: How do you steal a coat? You jacket. 2025-12-04 15:00:01.804261
Data tallennettu: How do you steal a coat? You jacket. 2025-12-04 15:15:02.652742
Data tallennettu: How do you organize a space party? You planet. 2025-12-04 15:30:02.483624
Data tallennettu: What do you call a suspicious looking laptop? Asus 2025-12-04 15:45:02.224638
Data tallennettu: What creature is smarter than a talking parrot? A spelling bee. 2025-12-04 16:00:02.005241
Data tallennettu: Why does Waldo only wear stripes? Because he doesn't want to be spotted. 2025-12-04 16:15:01.769535
Data tallennettu: What's a computer's favorite snack? Microchips. 2025-12-04 16:30:02.640679
Data tallennettu: Why did the chicken cross the playground? To get to the other slide. 2025-12-04 16:45:02.537963
Data tallennettu: Why did the programmer go broke? He used up all his cache 2025-12-04 17:00:02.304130
Data tallennettu: What do you call a fat psychic? A four-chin teller. 2025-12-04 17:15:02.072902
Data tallennettu: If you see a robbery at an Apple Store... Does that make you an iWitness? 2025-12-04 17:30:01.914150
Data tallennettu: How many lips does a flower have? Tulips 2025-12-04 17:45:02.665904
Data tallennettu: Did you hear about the kidnapping at school? It's ok, he woke up. 2025-12-04 18:00:02.451498
Data tallennettu: Did you hear about the guy who invented Lifesavers? They say he made a mint. 2025-12-04 18:15:02.194345
Data tallennettu: What do you call a fat psychic? A four-chin teller. 2025-12-04 18:30:02.000839
Data tallennettu: Why did the programmer go broke? He used up all his cache 2025-12-04 18:45:01.748799
Data tallennettu: What did the router say to the doctor? It hurts when IP. 2025-12-04 19:00:03.015460
Data tallennettu: Why did the half blind man fall in the well? Because he couldn't see that well! 2025-12-04 19:15:01.758402
Data tallennettu: Knock knock. 
 Who's there? 
 Cows go. 
 Cows go who? No, cows go moo. 2025-12-04 19:30:02.600243
Data tallennettu: Why don't skeletons fight each other? They don't have the guts. 2025-12-04 19:45:02.364283
Data tallennettu: Have you ever heard of a music group called Cellophane? They mostly wrap. 2025-12-04 20:00:02.179986
Data tallennettu: Lady: How do I spread love in this cruel world? Random Dude: [...💘] 2025-12-04 20:15:01.691256
Data tallennettu: What do you call a troublesome Canadian high schooler? A poutine. 2025-12-04 20:30:03.006636
Data tallennettu: How does the moon cut his hair? Eclipse it. 2025-12-04 20:45:01.865741
Data tallennettu: What kind of music do planets listen to? Nep-tunes. 2025-12-04 21:00:02.665839
Data tallennettu: 3 SQL statements walk into a NoSQL bar. Soon, they walk out They couldn't find a table. 2025-12-04 21:15:02.991430
Data tallennettu: Why did the programmer quit his job? Because he didn't get arrays. 2025-12-04 21:30:02.054701
Data tallennettu: Have you heard of the band 1023MB? They haven't got a gig yet. 2025-12-04 21:45:01.792769
Data tallennettu: Where’s the bin? I haven’t been anywhere! 2025-12-04 22:00:01.825650
Data tallennettu: What did one snowman say to the other snow man? Do you smell carrot? 2025-12-04 22:15:01.728595
Data tallennettu: What do you call a bee that can't make up its mind? A maybe. 2025-12-04 22:30:02.442162
Data tallennettu: Which song would an exception sing? Can't catch me - Avicii 2025-12-04 22:45:02.353649
Data tallennettu: What lies at the bottom of the ocean and twitches? A nervous wreck. 2025-12-04 23:00:02.211157
Data tallennettu: What is red and smells like blue paint? Red paint! 2025-12-04 23:15:02.218548
Data tallennettu: Why did the cowboy have a weiner dog? Somebody told him to get a long little doggy. 2025-12-04 23:30:02.972449
Data tallennettu: How do locomotives know where they're going? Lots of training 2025-12-04 23:45:01.829669
Data tallennettu: What do you get when you cross a snowman with a vampire? Frostbite. 2025-12-05 00:00:03.257259
Data tallennettu: What happens when you anger a brain surgeon? They will give you a piece of your mind. 2025-12-05 00:15:02.062030
Data tallennettu: When do doctors get angry? When they run out of patients. 2025-12-05 00:30:02.423871
Data tallennettu: What did the big flower say to the littler flower? Hi, bud! 2025-12-05 00:45:02.748979
Data tallennettu: What did the shy pebble wish for? That she was a little boulder. 2025-12-05 01:00:02.569529
Data tallennettu: Have you ever heard of a music group called Cellophane? They mostly wrap. 2025-12-05 01:15:02.360682
Data tallennettu: What does an angry pepper do? It gets jalapeño face. 2025-12-05 01:30:02.638745
Data tallennettu: How do you steal a coat? You jacket. 2025-12-05 01:45:03.038249
Data tallennettu: What does C.S. Lewis keep at the back of his wardrobe? Narnia business! 2025-12-05 02:00:02.318814
Data tallennettu: Why did the developer go broke buying Bitcoin? He kept calling it bytecoin and didn't get any. 2025-12-05 02:15:02.655110
Data tallennettu: Why do pumpkins sit on people’s porches? They have no hands to knock on the door. 2025-12-05 02:30:02.490930
Data tallennettu: What’s 50 Cent’s name in Zimbabwe? 200 Dollars. 2025-12-05 02:45:02.766065
Data tallennettu: What did the dog say to the two trees? Bark bark. 2025-12-05 03:00:03.004523
Data tallennettu: Why can't bicycles stand on their own? They are two tired 2025-12-05 03:15:01.759413
Data tallennettu: Why did the programmer go to art school? He wanted to learn how to code outside the box. 2025-12-05 03:30:02.531827
Data tallennettu: What does C.S. Lewis keep at the back of his wardrobe? Narnia business! 2025-12-05 03:45:02.694546
Data tallennettu: I got hit in the head by a soda can, but it didn't hurt that much... It was a soft drink. 2025-12-05 04:00:03.358775
Data tallennettu: What kind of music do planets listen to? Nep-tunes. 2025-12-05 04:15:01.660679
Data tallennettu: What’s E.T. short for? He’s only got little legs. 2025-12-05 04:30:03.093725
Data tallennettu: What kind of pants do ghosts wear? Boo jeans. 2025-12-05 04:45:03.170065
Data tallennettu: What do you call an old snowman? Water. 2025-12-05 05:00:01.943075
Data tallennettu: What does C.S. Lewis keep at the back of his wardrobe? Narnia business! 2025-12-05 05:15:02.196870
Data tallennettu: What do you call corn that joins the army? Kernel. 2025-12-05 05:30:02.475649
Data tallennettu: Why did the kid cross the playground? To get to the other slide. 2025-12-05 05:45:02.247068
Data tallennettu: What's red and bad for your teeth? A Brick. 2025-12-05 06:00:03.136272
Data tallennettu: Why does it take longer to get from 1st to 2nd base, than it does to get from 2nd to 3rd base? Because there’s a Shortstop in between! 2025-12-05 06:15:01.876994
Traceback (most recent call last):
  File "/home/ubuntu/Linux-Administration/venv/lib/python3.12/site-packages/mysql/connector/connection_cext.py", line 772, in cmd_query
    self._cmysql.query(
_mysql_connector.MySQLInterfaceError: Data too long for column 'setup' at row 1

The above exception was the direct cause of the following exception:

Traceback (most recent call last):
  File "/home/ubuntu/Linux-Administration/cron/fetch_joke.py", line 21, in <module>
    cursor.execute('INSERT INTO jokes_data (setup, punchline, timestamp) VALUES (%s, %s, %s)', (setup, punchline, timestamp))
  File "/home/ubuntu/Linux-Administration/venv/lib/python3.12/site-packages/mysql/connector/cursor_cext.py", line 353, in execute
    self._connection.cmd_query(
  File "/home/ubuntu/Linux-Administration/venv/lib/python3.12/site-packages/mysql/connector/opentelemetry/context_propagation.py", line 97, in wrapper
    return method(cnx, *args, **kwargs)
           ^^^^^^^^^^^^^^^^^^^^^^^^^^^^
  File "/home/ubuntu/Linux-Administration/venv/lib/python3.12/site-packages/mysql/connector/connection_cext.py", line 781, in cmd_query
    raise get_mysql_exception(
mysql.connector.errors.DataError: 1406 (22001): Data too long for column 'setup' at row 1
Data tallennettu: Where does Fonzie like to go for lunch? Chick-Fil-Eyyyyyyyy. 2025-12-05 06:45:02.927423
Data tallennettu: What do you do when you see a space man? Park your car, man. 2025-12-05 07:00:01.778121
Data tallennettu: Why are ghosts bad liars? Because you can see right through them! 2025-12-05 07:15:03.096188
Data tallennettu: Why did the fireman wear red, white, and blue suspenders? To hold his pants up. 2025-12-05 07:30:02.363325
Data tallennettu: What's the worst part about being a cross-eyed teacher? They can't control their pupils. 2025-12-05 07:45:02.559654
Data tallennettu: How many kids with ADD does it take to change a lightbulb? Let's go ride bikes! 2025-12-05 08:00:02.293794
Data tallennettu: I can't tell if i like this blender... It keeps giving me mixed results. 2025-12-05 08:15:02.035913
Data tallennettu: Why didn't the number 4 get into the nightclub? Because he is 2 square. 2025-12-05 08:30:02.314692
Data tallennettu: What do you call a group of killer whales playing instruments? An Orca-stra. 2025-12-05 08:45:02.501806
Data tallennettu: Why do mathematicians hate the U.S.? Because it's indivisible. 2025-12-05 09:00:02.206013
Data tallennettu: Why was the designer always cold? Because they always used too much ice-olation. 2025-12-05 09:15:02.048849
Data tallennettu: Why did the programmer go to art school? He wanted to learn how to code outside the box. 2025-12-05 09:30:01.829935
Data tallennettu: What do you get when you cross a snowman with a vampire? Frostbite. 2025-12-05 09:45:02.554593
Data tallennettu: Why did the octopus beat the shark in a fight? Because it was well armed. 2025-12-05 10:00:02.824742
Data tallennettu: Why did the belt go to prison? He held up a pair of pants! 2025-12-05 10:15:03.063967
Data tallennettu: Why did the A go to the bathroom and come out as an E? Because he had a vowel movement. 2025-12-05 10:30:01.838163
Data tallennettu: Did you hear about the scientist who was lab partners with a pot of boiling water? He had a very esteemed colleague. 2025-12-05 10:45:02.570864
Data tallennettu: did you know the first French fries weren't cooked in France? they were cooked in Greece 2025-12-05 11:00:02.816946
Data tallennettu: Why do programmers prefer dark chocolate? Because it's bitter like their code. 2025-12-05 11:15:02.609904
Data tallennettu: Why do pirates not know the alphabet? They always get stuck at "C". 2025-12-05 11:30:02.408275
Data tallennettu: What do you call an eagle who can play the piano? Talonted! 2025-12-05 11:45:02.159231
Data tallennettu: If you boil a clown... Do you get a laughing stock? 2025-12-05 12:00:01.959243
Data tallennettu: How do you make a tissue dance? You put a little boogie on it. 2025-12-05 12:15:01.708440
Data tallennettu: What do you get hanging from Apple trees? Sore arms. 2025-12-05 12:30:02.519240
Data tallennettu: Where does Fonzie like to go for lunch? Chick-Fil-Eyyyyyyyy. 2025-12-05 12:45:02.832157
Data tallennettu: What do you call someone with no nose? Nobody knows. 2025-12-05 13:00:03.097137
Data tallennettu: Why did the designer break up with their font? Because it wasn't their type. 2025-12-05 13:15:01.907580
Data tallennettu: How do locomotives know where they're going? Lots of training 2025-12-05 13:30:03.234086
Data tallennettu: Where do rabbits go after they get married? On a bunny-moon. 2025-12-05 13:45:01.996790
Data tallennettu: Did you hear about the scientist who was lab partners with a pot of boiling water? He had a very esteemed colleague. 2025-12-05 14:00:01.754281
Data tallennettu: Is the pool safe for diving? It deep ends. 2025-12-05 14:15:02.520098
Data tallennettu: what do you call a dog that can do magic tricks? a labracadabrador 2025-12-05 14:30:02.275067
Data tallennettu: Why do mathematicians hate the U.S.? Because it's indivisible. 2025-12-05 14:45:02.509873
Data tallennettu: What animal is always at a game of cricket? A bat. 2025-12-05 15:00:02.805581
Data tallennettu: Why did the golfer wear two pairs of pants? In case he got a hole in one. 2025-12-05 15:15:02.710087
Data tallennettu: Why did the functions stop calling each other? Because they had constant arguments. 2025-12-05 15:30:02.598960
Data tallennettu: Why did the burglar hang his mugshot on the wall? To prove that he was framed! 2025-12-05 15:45:02.401757
Data tallennettu: Did you know crocodiles could grow up to 15 feet? But most just have 4. 2025-12-05 16:00:02.698278
Data tallennettu: What’s the object-oriented way to become wealthy? Inheritance. 2025-12-05 16:15:02.510404
Data tallennettu: Why are fish so smart? Because they live in schools! 2025-12-05 16:30:02.260490
Data tallennettu: What kind of dog lives in a particle accelerator? A Fermilabrador Retriever. 2025-12-05 16:45:02.551159
Data tallennettu: My older brother always tore the last pages of my comic books, and never told me why. I had to draw my own conclusions. 2025-12-05 17:00:02.360743
Data tallennettu: What's red and bad for your teeth? A Brick. 2025-12-05 17:15:02.124400
Data tallennettu: Why did the house go to the doctor? It was having window panes. 2025-12-05 17:30:01.902011
Data tallennettu: What do you call a fly without wings? A walk. 2025-12-05 17:45:02.728857
Data tallennettu: What do you do on a remote island? Try and find the TV island it belongs to. 2025-12-05 18:00:02.535581
Data tallennettu: Why do bananas have to put on sunscreen before they go to the beach? Because they might peel! 2025-12-05 18:15:02.290914
Data tallennettu: Did you know that protons have mass? I didn't even know they were catholic. 2025-12-05 18:30:02.566931
Data tallennettu: Why does a chicken coop only have two doors? Because if it had four doors it would be a chicken sedan. 2025-12-05 18:45:02.663213
Data tallennettu: What did the Buffalo say to his little boy when he dropped him off at school? Bison. 2025-12-05 19:00:02.632097
Data tallennettu: Where do programmers like to hangout? The Foo Bar. 2025-12-05 19:15:02.398835
Traceback (most recent call last):
  File "/home/ubuntu/Linux-Administration/venv/lib/python3.12/site-packages/mysql/connector/connection_cext.py", line 772, in cmd_query
    self._cmysql.query(
_mysql_connector.MySQLInterfaceError: Data too long for column 'setup' at row 1

The above exception was the direct cause of the following exception:

Traceback (most recent call last):
  File "/home/ubuntu/Linux-Administration/cron/fetch_joke.py", line 21, in <module>
    cursor.execute('INSERT INTO jokes_data (setup, punchline, timestamp) VALUES (%s, %s, %s)', (setup, punchline, timestamp))
  File "/home/ubuntu/Linux-Administration/venv/lib/python3.12/site-packages/mysql/connector/cursor_cext.py", line 353, in execute
    self._connection.cmd_query(
  File "/home/ubuntu/Linux-Administration/venv/lib/python3.12/site-packages/mysql/connector/opentelemetry/context_propagation.py", line 97, in wrapper
    return method(cnx, *args, **kwargs)
           ^^^^^^^^^^^^^^^^^^^^^^^^^^^^
  File "/home/ubuntu/Linux-Administration/venv/lib/python3.12/site-packages/mysql/connector/connection_cext.py", line 781, in cmd_query
    raise get_mysql_exception(
mysql.connector.errors.DataError: 1406 (22001): Data too long for column 'setup' at row 1
Data tallennettu: Where did the API go to eat? To the RESTaurant. 2025-12-05 19:45:02.435811
Data tallennettu: What's black and white and read all over? The newspaper. 2025-12-05 20:00:02.247934
Traceback (most recent call last):
  File "/home/ubuntu/Linux-Administration/venv/lib/python3.12/site-packages/mysql/connector/connection_cext.py", line 772, in cmd_query
    self._cmysql.query(
_mysql_connector.MySQLInterfaceError: Data too long for column 'setup' at row 1

The above exception was the direct cause of the following exception:

Traceback (most recent call last):
  File "/home/ubuntu/Linux-Administration/cron/fetch_joke.py", line 21, in <module>
    cursor.execute('INSERT INTO jokes_data (setup, punchline, timestamp) VALUES (%s, %s, %s)', (setup, punchline, timestamp))
  File "/home/ubuntu/Linux-Administration/venv/lib/python3.12/site-packages/mysql/connector/cursor_cext.py", line 353, in execute
    self._connection.cmd_query(
  File "/home/ubuntu/Linux-Administration/venv/lib/python3.12/site-packages/mysql/connector/opentelemetry/context_propagation.py", line 97, in wrapper
    return method(cnx, *args, **kwargs)
           ^^^^^^^^^^^^^^^^^^^^^^^^^^^^
  File "/home/ubuntu/Linux-Administration/venv/lib/python3.12/site-packages/mysql/connector/connection_cext.py", line 781, in cmd_query
    raise get_mysql_exception(
mysql.connector.errors.DataError: 1406 (22001): Data too long for column 'setup' at row 1
Data tallennettu: Finally realized why my plant sits around doing nothing all day... He loves his pot. 2025-12-05 20:30:01.749162
Data tallennettu: What is the leading cause of dry skin? Towels 2025-12-05 20:45:02.547290
Data tallennettu: Where do bees go to the bathroom? The BP station. 2025-12-05 21:00:02.334133
Data tallennettu: What was a more important invention than the first telephone? The second one. 2025-12-05 21:15:02.155378
Data tallennettu: An IPv6 packet is walking out of the house. He goes nowhere. 2025-12-05 21:30:02.488780
Data tallennettu: Did you hear about the hungry clock? It went back four seconds. 2025-12-05 21:45:02.244962
Data tallennettu: Why do Java programmers wear glasses? Because they don't C#. 2025-12-05 22:00:02.104895
Data tallennettu: What do you call a nervous javelin thrower? Shakespeare. 2025-12-05 22:15:02.371368
Data tallennettu: Did you hear about the Viking who was reincarnated? He was Bjorn again 2025-12-05 22:30:02.222422
Data tallennettu: What do I look like? A JOKE MACHINE!? 2025-12-05 22:45:02.102484
Data tallennettu: Did you hear the joke about the wandering nun? She was a roman catholic. 2025-12-05 23:00:02.402448
Data tallennettu: Why did the golfer wear two pairs of pants? In case he got a hole in one. 2025-12-05 23:15:02.260973
Data tallennettu: How can you tell a vampire has a cold? They start coffin. 2025-12-05 23:30:02.038224
Data tallennettu: Why can’t you hear a pterodactyl go to the bathroom? The p is silent. 2025-12-05 23:45:01.867450
Data tallennettu: Why did the cookie cry? Because his mother was a wafer so long 2025-12-06 00:00:02.549790
Data tallennettu: What do you call two barracuda fish? A Pairacuda! 2025-12-06 00:15:02.700221
Data tallennettu: What do you call a factory that sells passable products? A satisfactory 2025-12-06 00:30:03.184669
Data tallennettu: Why can't a bicycle stand on its own? It's two-tired. 2025-12-06 00:45:02.636597
Data tallennettu: Why don't React developers like nature? They prefer the virtual DOM. 2025-12-06 01:00:02.908901
Data tallennettu: What's the best part about TCP jokes? I get to keep telling them until you get them. 2025-12-06 01:15:02.374070
Data tallennettu: Where does batman go to the bathroom? The batroom. 2025-12-06 01:30:02.178318
Data tallennettu: How does a French skeleton say hello? Bone-jour. 2025-12-06 01:45:02.840973
Data tallennettu: What do you call a fat psychic? A four-chin teller. 2025-12-06 02:00:02.638326
Data tallennettu: Why would a guitarist become a good programmer? He's adept at riffing in C#. 2025-12-06 02:15:02.952141
Data tallennettu: Why was Cinderalla thrown out of the football team? Because she ran away from the ball. 2025-12-06 02:30:01.706029
Data tallennettu: What kind of magic do cows believe in? MOODOO. 2025-12-06 02:45:02.484622
Data tallennettu: How do you fix a broken pizza? With tomato paste. 2025-12-06 03:00:02.255713
Data tallennettu: What do you do when you see a space man? Park your car, man. 2025-12-06 03:15:02.507969
Data tallennettu: Can a kangaroo jump higher than the Empire State Building? Of course. The Empire State Building can't jump. 2025-12-06 03:30:02.830140
Data tallennettu: How many optometrists does it take to change a light bulb? 1 or 2? 1... or 2? 2025-12-06 03:45:03.093702
Data tallennettu: What's red and bad for your teeth? A Brick. 2025-12-06 04:00:02.331604
Data tallennettu: Who did the wizard marry? His ghoul-friend 2025-12-06 04:15:02.095679
Data tallennettu: What did the Zen Buddist say to the hotdog vendor? Make me one with everything. 2025-12-06 04:30:01.842075
Data tallennettu: Why do valley girls hang out in odd numbered groups? Because they can't even. 2025-12-06 04:45:03.105282
Data tallennettu: 3 SQL statements walk into a NoSQL bar. Soon, they walk out They couldn't find a table. 2025-12-06 05:00:02.732137
Data tallennettu: What do you call a bear with no teeth? A gummy bear! 2025-12-06 05:15:02.491703
Data tallennettu: 3 SQL statements walk into a NoSQL bar. Soon, they walk out They couldn't find a table. 2025-12-06 05:30:02.839529
Data tallennettu: How do locomotives know where they're going? Lots of training 2025-12-06 05:45:02.616647
Data tallennettu: Why do bees have sticky hair? Because they use honey combs! 2025-12-06 06:00:02.868324
Data tallennettu: What is red and smells like blue paint? Red paint! 2025-12-06 06:15:03.091194
Data tallennettu: What do you do when you see a space man? Park your car, man. 2025-12-06 06:30:01.838159
Data tallennettu: Why don't React developers like nature? They prefer the virtual DOM. 2025-12-06 06:45:01.952956
Data tallennettu: Do you want a brief explanation of what an acorn is? In a nutshell, it's an oak tree. 2025-12-06 07:00:01.756441
Data tallennettu: Have you heard of the band 1023MB? They haven't got a gig yet. 2025-12-06 07:15:02.706028
Data tallennettu: What do you call a nervous javelin thrower? Shakespeare. 2025-12-06 07:30:02.732019
Data tallennettu: Where do bees go to the bathroom? The BP station. 2025-12-06 07:45:02.592016
Data tallennettu: Do you know where you can get chicken broth in bulk? The stock market. 2025-12-06 08:00:02.413350
Data tallennettu: Why was the designer always cold? Because they always used too much ice-olation. 2025-12-06 08:15:02.725580
Data tallennettu: What’s the advantage of living in Switzerland? Well, the flag is a big plus. 2025-12-06 08:30:03.153474
Data tallennettu: Why did the golfer bring two pairs of pants? In case he got a hole in one. 2025-12-06 08:45:02.322088
Data tallennettu: What did the ocean say to the shore? Nothing, it just waved. 2025-12-06 09:00:02.075212
Data tallennettu: Why did the opera singer go sailing? They wanted to hit the high Cs. 2025-12-06 09:15:01.809643
Data tallennettu: What do you give to a lemon in need? Lemonaid. 2025-12-06 09:30:03.139898
Data tallennettu: What do you call a careful wolf? Aware wolf. 2025-12-06 09:45:01.924821
Data tallennettu: What do you call a pile of cats? A Meowtain. 2025-12-06 10:00:03.237844
Data tallennettu: Which song would an exception sing? Can't catch me - Avicii 2025-12-06 10:15:02.039236
Data tallennettu: Where’s the bin? I haven’t been anywhere! 2025-12-06 10:30:01.816029
Data tallennettu: Why can't your nose be 12 inches long? Because then it'd be a foot! 2025-12-06 10:45:02.556599
Data tallennettu: What did one wall say to the other wall? I'll meet you at the corner! 2025-12-06 11:00:02.338615
Data tallennettu: Why did the fireman wear red, white, and blue suspenders? To hold his pants up. 2025-12-06 11:15:02.128241
Data tallennettu: Why don't eggs tell jokes? Because they would crack each other up. 2025-12-06 11:30:02.429174
Data tallennettu: Why do birds fly south for the winter? Because it's too far to walk. 2025-12-06 11:45:02.199238
Data tallennettu: What does an angry pepper do? It gets jalapeño face. 2025-12-06 12:00:02.481260
Data tallennettu: Why did the developer quit his job? Because he didn't get arrays. 2025-12-06 12:15:02.241971
Data tallennettu: What is a centipedes's favorite Beatle song? I want to hold your hand, hand, hand, hand... 2025-12-06 12:30:02.040223
Data tallennettu: What did the grape do when he got stepped on? He let out a little wine. 2025-12-06 12:45:01.809350
Data tallennettu: How do hens stay fit? They always egg-cercise! 2025-12-06 13:00:03.136418
Data tallennettu: What is the leading cause of dry skin? Towels 2025-12-06 13:15:02.418777
Data tallennettu: Why did the developer break up with their keyboard? It just wasn't their type anymore. 2025-12-06 13:30:02.247152
Data tallennettu: How do you comfort a designer? You give them some space... between the elements. 2025-12-06 13:45:02.023971
Data tallennettu: Why did the worker get fired from the orange juice factory? Lack of concentration. 2025-12-06 14:00:01.801506
Data tallennettu: What does C.S. Lewis keep at the back of his wardrobe? Narnia business! 2025-12-06 14:15:01.685052
Data tallennettu: Why did the barber win the race? He took a short cut. 2025-12-06 14:30:02.445274
Data tallennettu: Why did the A go to the bathroom and come out as an E? Because he had a vowel movement. 2025-12-06 14:45:02.250636
Data tallennettu: What do you call a thieving alligator? A crookodile! 2025-12-06 15:00:02.582906
Data tallennettu: Why do programmers prefer dark chocolate? Because it's bitter like their code. 2025-12-06 15:15:02.417826
Data tallennettu: What did the fish say when it swam into a wall? Damn! 2025-12-06 15:30:02.243796
Data tallennettu: What do you call a bee that lives in America? A USB. 2025-12-06 15:45:02.338535
Data tallennettu: What did the traffic light say to the car as it passed? Don't look I'm changing! 2025-12-06 16:00:02.416874
Data tallennettu: How does the moon cut his hair? Eclipse it. 2025-12-06 16:15:02.176005
Data tallennettu: What do you give to a lemon in need? Lemonaid. 2025-12-06 16:30:01.936430
Data tallennettu: I had a dream that I was a muffler last night. I woke up exhausted! 2025-12-06 16:45:01.703942
Data tallennettu: Why didn’t the skeleton cross the road? Because he had no guts. 2025-12-06 17:00:02.545927
Data tallennettu: Why did the Clydesdale give the pony a glass of water? Because he was a little horse 2025-12-06 17:15:02.313335
Data tallennettu: What do you call a cow with no legs? Ground beef! 2025-12-06 17:30:02.130410
Data tallennettu: Why did the programmer always carry a pencil? They preferred to write in C#. 2025-12-06 17:45:01.869620
Data tallennettu: Why do birds fly south for the winter? Because it's too far to walk. 2025-12-06 18:00:02.614345
Data tallennettu: What’s brown and sounds like a bell? Dung! 2025-12-06 18:15:02.844676
Data tallennettu: How many lips does a flower have? Tulips 2025-12-06 18:30:02.619701
Data tallennettu: Did you hear about the hungry clock? It went back four seconds. 2025-12-06 18:45:02.375658
Data tallennettu: Is there a hole in your shoe? No… Then how’d you get your foot in it? 2025-12-06 19:00:02.098180
Data tallennettu: I'm reading a book about anti-gravity... It's impossible to put down 2025-12-06 19:15:01.796684
Data tallennettu: What did the grape do when he got stepped on? He let out a little wine. 2025-12-06 19:30:01.784702
Data tallennettu: What do prisoners use to call each other? Cell phones. 2025-12-06 19:45:02.629319
Data tallennettu: What did the dog say to the two trees? Bark bark. 2025-12-06 20:00:02.507371
Data tallennettu: What's the difference between a hippo and a zippo? One is really heavy, the other is a little lighter. 2025-12-06 20:15:02.368781
Data tallennettu: Did you hear about the bread factory burning down? They say the business is toast. 2025-12-06 20:30:02.389383
Data tallennettu: I just watched a documentary about beavers. It was the best dam show I ever saw 2025-12-06 20:45:02.132442
Data tallennettu: Why does Norway have barcodes on their battleships? So when they get back to port, they can Scandinavian. 2025-12-06 21:00:02.007743
Data tallennettu: If you boil a clown... Do you get a laughing stock? 2025-12-06 21:15:02.528826
Data tallennettu: Where do young cows eat lunch? In the calf-ateria. 2025-12-06 21:30:02.326975
Data tallennettu: Why do chicken coops only have two doors? Because if they had four, they would be chicken sedans 2025-12-06 21:45:02.060966
Data tallennettu: While I was sleeping my friends decided to write math equations on me. You should have seen the expression on my face when I woke up. 2025-12-06 22:00:01.836363
Data tallennettu: Did you hear about the two silk worms in a race? It ended in a tie. 2025-12-06 22:15:02.619188
Data tallennettu: Why couldn't the kid see the pirate movie? Because it was rated arrr! 2025-12-06 22:30:02.472511
Data tallennettu: Why did the rooster cross the road? He heard that the chickens at KFC were pretty hot. 2025-12-06 22:45:02.358781
Data tallennettu: How can you tell a vampire has a cold? They start coffin. 2025-12-06 23:00:02.809077
Data tallennettu: Why was the font always tired? It was always bold. 2025-12-06 23:15:02.378937
Data tallennettu: I can't tell if i like this blender... It keeps giving me mixed results. 2025-12-06 23:30:02.664649
Data tallennettu: How do you generate a random string? Put a Windows user in front of Vim and tell them to exit. 2025-12-06 23:45:02.563501
Data tallennettu: Why does it take longer to get from 1st to 2nd base, than it does to get from 2nd to 3rd base? Because there’s a Shortstop in between! 2025-12-07 00:00:02.573887
Data tallennettu: Why couldn't the bicycle stand up by itself? It was two-tired. 2025-12-07 00:15:02.898864
Data tallennettu: Did you know you should always take an extra pair of pants golfing? Just in case you get a hole in one. 2025-12-07 00:30:02.461531
Data tallennettu: What animal is always at a game of cricket? A bat. 2025-12-07 00:45:02.189598
Data tallennettu: What did celery say when he broke up with his girlfriend? She wasn't right for me, so I really don't carrot all. 2025-12-07 01:00:02.511132
Data tallennettu: What do you get hanging from Apple trees? Sore arms. 2025-12-07 01:15:02.274042
Data tallennettu: Why can’t you hear a pterodactyl go to the bathroom? The p is silent. 2025-12-07 01:30:02.055964
Data tallennettu: What’s the advantage of living in Switzerland? Well, the flag is a big plus. 2025-12-07 01:45:02.060216
Data tallennettu: What’s the object-oriented way to become wealthy? Inheritance. 2025-12-07 02:00:02.268038
Data tallennettu: Why did the developer go broke buying Bitcoin? He kept calling it bytecoin and didn't get any. 2025-12-07 02:15:02.684127
Data tallennettu: Why are pirates called pirates? Because they arrr! 2025-12-07 02:30:02.922058
Data tallennettu: Knock-knock. A race condition. Who is there? 2025-12-07 02:45:02.265918
Data tallennettu: How do you find Will Smith in the snow? Look for fresh prints. 2025-12-07 03:00:02.028297
Data tallennettu: What's the difference between a hippo and a zippo? One is really heavy, the other is a little lighter. 2025-12-07 03:15:02.232508
Data tallennettu: Where do young cows eat lunch? In the calf-ateria. 2025-12-07 03:30:02.701098
Data tallennettu: What's orange and sounds like a parrot? A Carrot. 2025-12-07 03:45:02.469208
Data tallennettu: What do birds give out on Halloween? Tweets. 2025-12-07 04:00:02.752453
Data tallennettu: My older brother always tore the last pages of my comic books, and never told me why. I had to draw my own conclusions. 2025-12-07 04:15:02.992399
Data tallennettu: Did you hear about the Viking who was reincarnated? He was Bjorn again 2025-12-07 04:30:02.219817
Data tallennettu: What's the best thing about a Boolean? Even if you're wrong, you're only off by a bit. 2025-12-07 04:45:02.456983
Data tallennettu: What do you call sad coffee? Despresso. 2025-12-07 05:00:02.200270
Data tallennettu: What do you get when you cross a rabbit with a water hose? Hare spray. 2025-12-07 05:15:01.956404
Data tallennettu: What did the janitor say when he jumped out of the closet? Supplies! 2025-12-07 05:30:02.331177
Data tallennettu: Why did the coffee file a police report? It got mugged. 2025-12-07 05:45:02.946268
Data tallennettu: Why do bananas have to put on sunscreen before they go to the beach? Because they might peel! 2025-12-07 06:00:02.204217
Data tallennettu: What’s 50 Cent’s name in Zimbabwe? 200 Dollars. 2025-12-07 06:15:02.567013
Data tallennettu: Do you want a brief explanation of what an acorn is? In a nutshell, it's an oak tree. 2025-12-07 06:30:02.870797
Traceback (most recent call last):
  File "/home/ubuntu/Linux-Administration/venv/lib/python3.12/site-packages/mysql/connector/connection_cext.py", line 772, in cmd_query
    self._cmysql.query(
_mysql_connector.MySQLInterfaceError: Data too long for column 'setup' at row 1

The above exception was the direct cause of the following exception:

Traceback (most recent call last):
  File "/home/ubuntu/Linux-Administration/cron/fetch_joke.py", line 21, in <module>
    cursor.execute('INSERT INTO jokes_data (setup, punchline, timestamp) VALUES (%s, %s, %s)', (setup, punchline, timestamp))
  File "/home/ubuntu/Linux-Administration/venv/lib/python3.12/site-packages/mysql/connector/cursor_cext.py", line 353, in execute
    self._connection.cmd_query(
  File "/home/ubuntu/Linux-Administration/venv/lib/python3.12/site-packages/mysql/connector/opentelemetry/context_propagation.py", line 97, in wrapper
    return method(cnx, *args, **kwargs)
           ^^^^^^^^^^^^^^^^^^^^^^^^^^^^
  File "/home/ubuntu/Linux-Administration/venv/lib/python3.12/site-packages/mysql/connector/connection_cext.py", line 781, in cmd_query
    raise get_mysql_exception(
mysql.connector.errors.DataError: 1406 (22001): Data too long for column 'setup' at row 1
Data tallennettu: Why did the barber win the race? He took a short cut. 2025-12-07 07:00:03.011456
Data tallennettu: Why do bees have sticky hair? Because they use honey combs! 2025-12-07 07:15:01.751476
Data tallennettu: What do you call a monkey in a mine field? A babooooom! 2025-12-07 07:30:03.017611
Data tallennettu: Why would a guitarist become a good programmer? He's adept at riffing in C#. 2025-12-07 07:45:02.267473
Data tallennettu: What do you call a factory that sells passable products? A satisfactory 2025-12-07 08:00:02.504685
Data tallennettu: What’s Forest Gump’s Facebook password? 1forest1 2025-12-07 08:15:02.229344
Data tallennettu: What do you get when you cross a bee and a sheep? A bah-humbug. 2025-12-07 08:30:02.471626
Data tallennettu: What's the difference between a guitar and a fish? You can tune a guitar but you can't "tuna"fish! 2025-12-07 08:45:02.205487
Data tallennettu: Why did the developer break up with their keyboard? It just wasn't their type anymore. 2025-12-07 09:00:01.969818
Data tallennettu: Why do choirs keep buckets handy? So they can carry their tune 2025-12-07 09:15:01.762237
Data tallennettu: What do you do when you see a space man? Park your car, man. 2025-12-07 09:30:03.041617
Data tallennettu: Why does a chicken coop only have two doors? Because if it had four doors it would be a chicken sedan. 2025-12-07 09:45:01.769774
Data tallennettu: What do you call a crowd of chess players bragging about their wins in a hotel lobby? Chess nuts boasting in an open foyer. 2025-12-07 10:00:02.522240
Data tallennettu: Why does a chicken coop only have two doors? Because if it had four doors it would be a chicken sedan. 2025-12-07 10:15:02.229945
Data tallennettu: Don't look at the eclipse through a colander. You'll strain your eyes. 2025-12-07 10:30:01.992285
Data tallennettu: Why did the barber win the race? He took a short cut. 2025-12-07 10:45:01.789865
Data tallennettu: Why couldn't the kid see the pirate movie? Because it was rated arrr! 2025-12-07 11:00:02.587290
Data tallennettu: Why do mathematicians hate the U.S.? Because it's indivisible. 2025-12-07 11:15:02.351696
Data tallennettu: What time did the man go to the dentist? Tooth hurt-y. 2025-12-07 11:30:02.135666
Data tallennettu: A programmer puts two glasses on his bedside table before going to sleep. A full one, in case he gets thirsty, and an empty one, in case he doesn’t. 2025-12-07 11:45:01.940437
Data tallennettu: A termite walks into a bar and says... 'Where is the bar tended?' 2025-12-07 12:00:01.729157
Data tallennettu: Did you hear about the guy who invented Lifesavers? They say he made a mint. 2025-12-07 12:15:02.990919
Data tallennettu: Why don't oysters give to charity? Because they're shellfish. 2025-12-07 12:30:02.265218
Data tallennettu: What do you call an old snowman? Water. 2025-12-07 12:45:02.000062
Data tallennettu: What do you call a fly without wings? A walk. 2025-12-07 13:00:01.757660
Data tallennettu: Why don't programmers like nature? There's too many bugs. 2025-12-07 13:15:02.568450
Data tallennettu: What do you call a group of disorganized cats? A cat-tastrophe. 2025-12-07 13:30:02.348663
Data tallennettu: Why did the programmer go broke? He used up all his cache 2025-12-07 13:45:02.131281
Data tallennettu: Why didn’t the skeleton cross the road? Because he had no guts. 2025-12-07 14:00:01.834746
Data tallennettu: Why didn’t the skeleton cross the road? Because he had no guts. 2025-12-07 14:15:02.546712
Data tallennettu: What do you call a suspicious looking laptop? Asus 2025-12-07 14:30:02.302302
Data tallennettu: Why do mathematicians hate the U.S.? Because it's indivisible. 2025-12-07 14:45:02.553111
Data tallennettu: Don't look at the eclipse through a colander. You'll strain your eyes. 2025-12-07 15:00:02.798950
Data tallennettu: What do you call a group of disorganized cats? A cat-tastrophe. 2025-12-07 15:15:02.569097
Data tallennettu: Why do you never see elephants hiding in trees? Because they're so good at it. 2025-12-07 15:30:02.799923
Data tallennettu: How many lips does a flower have? Tulips 2025-12-07 15:45:03.132637
Data tallennettu: Why did the developer go broke buying Bitcoin? He kept calling it bytecoin and didn't get any. 2025-12-07 16:00:02.112231
Data tallennettu: What do you call an old snowman? Water. 2025-12-07 16:15:01.871266
Data tallennettu: What is the difference between ignorance and apathy? I don't know and I don't care. 2025-12-07 16:30:02.627861
Data tallennettu: What do you call cheese by itself? Provolone. 2025-12-07 16:45:02.466938
Data tallennettu: What's black and white and read all over? The newspaper. 2025-12-07 17:00:02.270235
Data tallennettu: What did the fish say when it hit the wall? Dam. 2025-12-07 17:15:01.958679
Data tallennettu: What’s the advantage of living in Switzerland? Well, the flag is a big plus. 2025-12-07 17:30:01.807684
Data tallennettu: Did you hear about the scientist who was lab partners with a pot of boiling water? He had a very esteemed colleague. 2025-12-07 17:45:02.630017
Data tallennettu: Why did the scarecrow win an award? Because he was outstanding in his field. 2025-12-07 18:00:02.400570
Data tallennettu: Why are graveyards so noisy? Because of all the coffin. 2025-12-07 18:15:02.439433
Data tallennettu: What did the Zen Buddist say to the hotdog vendor? Make me one with everything. 2025-12-07 18:30:02.688501
Data tallennettu: Did you know you should always take an extra pair of pants golfing? Just in case you get a hole in one. 2025-12-07 18:45:02.466518
Data tallennettu: How do you steal a coat? You jacket. 2025-12-07 19:00:02.186002
Data tallennettu: What do you call a fat psychic? A four-chin teller. 2025-12-07 19:15:01.913492
Data tallennettu: How come a man driving a train got struck by lightning? He was a good conductor. 2025-12-07 19:30:01.750644
Data tallennettu: What animal is always at a game of cricket? A bat. 2025-12-07 19:45:02.546635
Data tallennettu: What do you call a pig with three eyes? Piiig 2025-12-07 20:00:02.661948
Data tallennettu: What are the strongest days of the week? Saturday and Sunday...the rest are weekdays. 2025-12-07 20:15:02.416361
Data tallennettu: Why did the programmer always carry a pencil? They preferred to write in C#. 2025-12-07 20:30:03.185137
Data tallennettu: What's a computer's favorite snack? Microchips. 2025-12-07 20:45:02.104300
Data tallennettu: Finally realized why my plant sits around doing nothing all day... He loves his pot. 2025-12-07 21:00:01.819946
Data tallennettu: What did the janitor say when he jumped out of the closet? Supplies! 2025-12-07 21:15:02.759969
Data tallennettu: Why didn't the skeleton go for prom? Because it had nobody. 2025-12-07 21:30:01.687726
Data tallennettu: Knock knock. 
 Who's there? 
 Cows go. 
 Cows go who? No, cows go moo. 2025-12-07 21:45:02.387265
Data tallennettu: What did one snowman say to the other snow man? Do you smell carrot? 2025-12-07 22:00:02.333186
Data tallennettu: How many apples grow on a tree? All of them! 2025-12-07 22:15:02.131207
Data tallennettu: I'm reading a book about anti-gravity... It's impossible to put down 2025-12-07 22:30:01.860187
Data tallennettu: Knock-knock. A race condition. Who is there? 2025-12-07 22:45:02.567249
Data tallennettu: What do you call a suspicious looking laptop? Asus 2025-12-07 23:00:02.696620
Data tallennettu: What's the best thing about Switzerland? I don't know, but their flag is a big plus. 2025-12-07 23:15:02.434279
Data tallennettu: Why does it take longer to get from 1st to 2nd base, than it does to get from 2nd to 3rd base? Because there’s a Shortstop in between! 2025-12-07 23:30:02.205024
Data tallennettu: what do you call a dog that can do magic tricks? a labracadabrador 2025-12-07 23:45:02.545696
Data tallennettu: What did the spaghetti say to the other spaghetti? Pasta la vista, baby! 2025-12-08 00:00:02.371896
Data tallennettu: What's the best time to go to the dentist? Tooth hurty. 2025-12-08 00:15:02.235370
Data tallennettu: What do you call a laughing motorcycle? A Yamahahahaha. 2025-12-08 00:30:02.533586
Data tallennettu: What is this movie about? It is about 2 hours long. 2025-12-08 00:45:02.775477
Data tallennettu: What kind of shoes does a thief wear? Sneakers 2025-12-08 01:00:02.518779
Data tallennettu: What do you call corn that joins the army? Kernel. 2025-12-08 01:15:02.364049
Data tallennettu: Did you hear about the hungry clock? It went back four seconds. 2025-12-08 01:30:02.700632
Data tallennettu: What did the janitor say when he jumped out of the closet? Supplies! 2025-12-08 01:45:02.520184
Data tallennettu: Why did the scarecrow win an award? Because he was outstanding in his field. 2025-12-08 02:00:03.090099
Data tallennettu: Did you hear the joke about the wandering nun? She was a roman catholic. 2025-12-08 02:15:02.601881
Data tallennettu: What do you call a duck that gets all A's? A wise quacker. 2025-12-08 02:30:02.571327
Data tallennettu: Why didn't the number 4 get into the nightclub? Because he is 2 square. 2025-12-08 02:45:02.856892
Data tallennettu: What did one snowman say to the other snow man? Do you smell carrot? 2025-12-08 03:00:03.072851
Data tallennettu: What do you do when you see a space man? Park your car, man. 2025-12-08 03:15:02.339322
Data tallennettu: How do you fix a damaged jack-o-lantern? You use a pumpkin patch. 2025-12-08 03:30:02.348144
Data tallennettu: Why did the burglar hang his mugshot on the wall? To prove that he was framed! 2025-12-08 03:45:02.579261
Data tallennettu: What is the tallest building in the world? The library, it’s got the most stories! 2025-12-08 04:00:02.305777
Data tallennettu: What kind of music do planets listen to? Nep-tunes. 2025-12-08 04:15:02.562939
Data tallennettu: Why did the developer quit his job? Because he didn't get arrays. 2025-12-08 04:30:02.304090
Data tallennettu: What’s 50 Cent’s name in Zimbabwe? 200 Dollars. 2025-12-08 04:45:02.047578
Data tallennettu: Why are “Dad Jokes” so good? Because the punchline is apparent. 2025-12-08 05:00:03.673806
Data tallennettu: How much does a hipster weigh? An instagram. 2025-12-08 05:15:01.716142
Data tallennettu: What is the difference between ignorance and apathy? I don't know and I don't care. 2025-12-08 05:30:02.505624
Data tallennettu: Why does Waldo only wear stripes? Because he doesn't want to be spotted. 2025-12-08 05:45:02.815925
Data tallennettu: Who did the wizard marry? His ghoul-friend 2025-12-08 06:00:02.584106
Data tallennettu: Why are graveyards so noisy? Because of all the coffin. 2025-12-08 06:15:02.309210
Data tallennettu: Why did Dracula lie in the wrong coffin? He made a grave mistake. 2025-12-08 06:30:02.550971
Data tallennettu: Want to hear a joke about a piece of paper? Never mind...it's tearable 2025-12-08 06:45:02.302823
Data tallennettu: What's the best thing about elevator jokes? They work on so many levels. 2025-12-08 07:00:02.612530
Data tallennettu: Why was the developer always calm? Because they knew how to handle exceptions. 2025-12-08 07:15:02.352301
Data tallennettu: Why do choirs keep buckets handy? So they can carry their tune 2025-12-08 07:30:02.138086
Data tallennettu: I bought some shoes from a drug dealer. I don't know what he laced them with, but I was tripping all day! 2025-12-08 07:45:02.452049
Data tallennettu: I saw a nice stereo on Craigslist for $1. Seller says the volume is stuck on ‘high’ I couldn’t turn it down. 2025-12-08 08:00:02.799168
Data tallennettu: Where did the API go to eat? To the RESTaurant. 2025-12-08 08:15:02.608552
Data tallennettu: What’s the object-oriented way to become wealthy? Inheritance. 2025-12-08 08:30:03.586173
Data tallennettu: Why is peter pan always flying? Because he neverlands 2025-12-08 08:45:02.481901
Traceback (most recent call last):
  File "/home/ubuntu/Linux-Administration/venv/lib/python3.12/site-packages/mysql/connector/connection_cext.py", line 772, in cmd_query
    self._cmysql.query(
_mysql_connector.MySQLInterfaceError: Data too long for column 'setup' at row 1

The above exception was the direct cause of the following exception:

Traceback (most recent call last):
  File "/home/ubuntu/Linux-Administration/cron/fetch_joke.py", line 21, in <module>
    cursor.execute('INSERT INTO jokes_data (setup, punchline, timestamp) VALUES (%s, %s, %s)', (setup, punchline, timestamp))
  File "/home/ubuntu/Linux-Administration/venv/lib/python3.12/site-packages/mysql/connector/cursor_cext.py", line 353, in execute
    self._connection.cmd_query(
  File "/home/ubuntu/Linux-Administration/venv/lib/python3.12/site-packages/mysql/connector/opentelemetry/context_propagation.py", line 97, in wrapper
    return method(cnx, *args, **kwargs)
           ^^^^^^^^^^^^^^^^^^^^^^^^^^^^
  File "/home/ubuntu/Linux-Administration/venv/lib/python3.12/site-packages/mysql/connector/connection_cext.py", line 781, in cmd_query
    raise get_mysql_exception(
mysql.connector.errors.DataError: 1406 (22001): Data too long for column 'setup' at row 1
Data tallennettu: What's the best thing about a Boolean? Even if you're wrong, you're only off by a bit. 2025-12-08 09:15:01.717855
Data tallennettu: What do you call corn that joins the army? Kernel. 2025-12-08 09:30:02.663453
Data tallennettu: How do you make a hankie dance? Put a little boogie in it. 2025-12-08 09:45:02.055899
Data tallennettu: What did the duck say when he bought lipstick? Put it on my bill 2025-12-08 10:00:01.878387
Data tallennettu: Why can't you use "Beef stew"as a password? Because it's not stroganoff. 2025-12-08 10:15:02.609581
Data tallennettu: What kind of magic do cows believe in? MOODOO. 2025-12-08 10:30:02.349102
Data tallennettu: What did the grape do when he got stepped on? He let out a little wine. 2025-12-08 10:45:02.043877
Data tallennettu: What do you call a bee that can't make up its mind? A maybe. 2025-12-08 11:00:01.774091
Data tallennettu: What did the dog say to the two trees? Bark bark. 2025-12-08 11:15:02.975036
Data tallennettu: What do you get when you cross a bee and a sheep? A bah-humbug. 2025-12-08 11:30:01.844386
Data tallennettu: Why did the developer break up with their keyboard? It just wasn't their type anymore. 2025-12-08 11:45:02.368402
Data tallennettu: Due to complaints, Hawaii passed a law where you're not allowed to laugh above a certain decibel. You can only use a low ha. 2025-12-08 12:00:02.158617
Data tallennettu: What cheese can never be yours? Nacho cheese. 2025-12-08 12:15:01.958266
Data tallennettu: Have you heard of the band 1023MB? They haven't got a gig yet. 2025-12-08 12:30:01.697780
Data tallennettu: Why did Dracula lie in the wrong coffin? He made a grave mistake. 2025-12-08 12:45:02.460354
Data tallennettu: How do you make a hankie dance? Put a little boogie in it. 2025-12-08 13:00:02.299155
Data tallennettu: Why can't your nose be 12 inches long? Because then it'd be a foot! 2025-12-08 13:15:02.035213
Data tallennettu: What's orange and sounds like a parrot? A Carrot. 2025-12-08 13:30:01.834411
Data tallennettu: Why did the girl smear peanut butter on the road? To go with the traffic jam. 2025-12-08 13:45:02.627274
Data tallennettu: Where was the Declaration of Independence signed? At the bottom!  2025-12-08 14:00:02.394682
Data tallennettu: Why do trees seem suspicious on sunny days? Dunno, they're just a bit shady. 2025-12-08 14:15:02.596949
Data tallennettu: Why was the designer always cold? Because they always used too much ice-olation. 2025-12-08 14:30:02.387182
Data tallennettu: Did you hear about the runner who was criticized? He just took it in stride 2025-12-08 14:45:02.090976
Data tallennettu: What kind of music do planets listen to? Nep-tunes. 2025-12-08 15:00:01.911245
Data tallennettu: Did you know crocodiles could grow up to 15 feet? But most just have 4. 2025-12-08 15:15:03.033036
Data tallennettu: I can't tell if i like this blender... It keeps giving me mixed results. 2025-12-08 15:30:02.363694
Data tallennettu: What did the digital clock say to the grandfather clock? Look, no hands! 2025-12-08 15:45:01.962795
Data tallennettu: What's red and bad for your teeth? A Brick. 2025-12-08 16:00:01.546863
Data tallennettu: What's the best thing about Switzerland? I don't know, but their flag is a big plus. 2025-12-08 16:15:02.165214
Data tallennettu: Did you hear about the runner who was criticized? He just took it in stride 2025-12-08 16:30:01.771083
Data tallennettu: Did you hear about the Mexican train killer? He had loco motives 2025-12-08 16:45:02.639712
Data tallennettu: How do you make a hankie dance? Put a little boogie in it. 2025-12-08 17:00:02.279086
Data tallennettu: Why was the designer always cold? Because they always used too much ice-olation. 2025-12-08 17:15:01.908221
Data tallennettu: What creature is smarter than a talking parrot? A spelling bee. 2025-12-08 17:30:03.380742
Data tallennettu: What kind of tree fits in your hand? A palm tree! 2025-12-08 17:45:02.525913
Data tallennettu: What is a tornado's favorite game to play? Twister! 2025-12-08 18:00:03.496330
Data tallennettu: Want to hear my pizza joke? Never mind, it's too cheesy. 2025-12-08 18:15:02.104085
Data tallennettu: How many apples grow on a tree? All of them! 2025-12-08 18:30:01.756328
Data tallennettu: What do you call an eagle who can play the piano? Talonted! 2025-12-08 18:45:02.374986
Data tallennettu: Did you know that protons have mass? I didn't even know they were catholic. 2025-12-08 19:00:01.970623
Data tallennettu: Why was the font always tired? It was always bold. 2025-12-08 19:15:01.553368
Data tallennettu: How many tickles does it take to tickle an octopus? Ten-tickles! 2025-12-08 19:30:02.749953
Traceback (most recent call last):
  File "/home/ubuntu/Linux-Administration/venv/lib/python3.12/site-packages/mysql/connector/connection_cext.py", line 772, in cmd_query
    self._cmysql.query(
_mysql_connector.MySQLInterfaceError: Data too long for column 'setup' at row 1

The above exception was the direct cause of the following exception:

Traceback (most recent call last):
  File "/home/ubuntu/Linux-Administration/cron/fetch_joke.py", line 21, in <module>
    cursor.execute('INSERT INTO jokes_data (setup, punchline, timestamp) VALUES (%s, %s, %s)', (setup, punchline, timestamp))
  File "/home/ubuntu/Linux-Administration/venv/lib/python3.12/site-packages/mysql/connector/cursor_cext.py", line 353, in execute
    self._connection.cmd_query(
  File "/home/ubuntu/Linux-Administration/venv/lib/python3.12/site-packages/mysql/connector/opentelemetry/context_propagation.py", line 97, in wrapper
    return method(cnx, *args, **kwargs)
           ^^^^^^^^^^^^^^^^^^^^^^^^^^^^
  File "/home/ubuntu/Linux-Administration/venv/lib/python3.12/site-packages/mysql/connector/connection_cext.py", line 781, in cmd_query
    raise get_mysql_exception(
mysql.connector.errors.DataError: 1406 (22001): Data too long for column 'setup' at row 1
Data tallennettu: What did one snowman say to the other snow man? Do you smell carrot? 2025-12-08 20:00:02.255157
Data tallennettu: What's the worst thing about ancient history class? The teachers tend to Babylon. 2025-12-08 20:15:01.947275
Data tallennettu: How did the hipster burn the roof of his mouth? He ate the pizza before it was cool. 2025-12-08 20:30:02.547657
Data tallennettu: Knock knock. 
 Who's there? 
 Opportunity. That is impossible. Opportunity doesn’t come knocking twice! 2025-12-08 20:45:02.129752
Data tallennettu: How good are you at Power Point? I Excel at it. 2025-12-08 21:00:01.708318
Data tallennettu: Why does Superman get invited to dinners? Because he is a Supperhero. 2025-12-08 21:15:02.361289
Data tallennettu: How many bones are in the human hand? A handful of them. 2025-12-08 21:30:01.993734
Data tallennettu: What do you call an alligator in a vest? An in-vest-igator! 2025-12-08 21:45:01.771414
Data tallennettu: Why are graveyards so noisy? Because of all the coffin. 2025-12-08 22:00:03.016391
Data tallennettu: Why can't you use "Beef stew"as a password? Because it's not stroganoff. 2025-12-08 22:15:01.618324
Data tallennettu: Why did the worker get fired from the orange juice factory? Lack of concentration. 2025-12-08 22:30:02.678253
Data tallennettu: Hey, wanna hear a joke? Parsing HTML with regex. 2025-12-08 22:45:02.240887
Data tallennettu: What did the Red light say to the Green light? Don't look at me I'm changing! 2025-12-08 23:00:02.336314
Data tallennettu: Where do programmers like to hangout? The Foo Bar. 2025-12-08 23:15:01.897440
Data tallennettu: What did the ocean say to the shore? Nothing, it just waved. 2025-12-08 23:30:02.720554
Data tallennettu: How many hipsters does it take to change a lightbulb? Oh, it's a really obscure number. You've probably never heard of it. 2025-12-08 23:45:02.396140
Data tallennettu: Why would a guitarist become a good programmer? He's adept at riffing in C#. 2025-12-09 00:00:03.118852
Data tallennettu: How many kids with ADD does it take to change a lightbulb? Let's go ride bikes! 2025-12-09 00:15:02.170355
Data tallennettu: Hey, wanna hear a joke? Parsing HTML with regex. 2025-12-09 00:30:02.514744
Data tallennettu: What did celery say when he broke up with his girlfriend? She wasn't right for me, so I really don't carrot all. 2025-12-09 00:45:03.022574
Data tallennettu: Finally realized why my plant sits around doing nothing all day... He loves his pot. 2025-12-09 01:00:02.416293
Data tallennettu: Why did the coffee file a police report? It got mugged. 2025-12-09 01:15:02.202480
Data tallennettu: Did you watch the new comic book movie? It was very graphic! 2025-12-09 01:30:01.795044
Data tallennettu: Why do mathematicians hate the U.S.? Because it's indivisible. 2025-12-09 01:45:02.319905
Data tallennettu: What do you do on a remote island? Try and find the TV island it belongs to. 2025-12-09 02:00:01.988213
Data tallennettu: Knock knock. 
 Who's there? 
 A broken pencil. 
 A broken pencil who? Never mind. It's pointless. 2025-12-09 02:15:02.444323
Data tallennettu: Why can't bicycles stand on their own? They are two tired 2025-12-09 02:30:02.547836
Data tallennettu: Why did the A go to the bathroom and come out as an E? Because he had a vowel movement. 2025-12-09 02:45:02.567198
Data tallennettu: Did you hear the news? FedEx and UPS are merging. They’re going to go by the name Fed-Up from now on. 2025-12-09 03:00:02.645016
Data tallennettu: What does C.S. Lewis keep at the back of his wardrobe? Narnia business! 2025-12-09 03:15:02.395988
Data tallennettu: What did the janitor say when he jumped out of the closet? Supplies! 2025-12-09 03:30:02.463785
Data tallennettu: What do you call a fly without wings? A walk. 2025-12-09 03:45:02.581908
